,Participant_ID,MFCC,MelFrequency,Chroma,PHQ8_Binary
0,303,"[-4.3575391e+02  1.3291756e+02 -7.2641459e+00  2.2295286e+01
 -1.5812510e-01 -2.2188978e+00 -5.3478851e+00 -2.6922400e+00
  2.1195354e+00  1.9320065e-01 -9.0891063e-01 -4.7836661e+00
  3.2541192e+00  9.5916545e-01 -3.0551007e-01 -4.0897880e+00
 -2.0772805e+00  2.1705680e-01 -4.4418197e+00 -8.6787206e-01
 -2.4900131e+00 -8.9131176e-01  1.5245931e-01 -7.9132026e-01
 -3.5208493e-01  6.5461379e-01  1.8424407e+00 -4.4731396e-01
  1.7330881e+00  1.5923113e+00  7.9117143e-01  2.3011444e+00
  2.6360557e+00  3.8091147e+00  4.8639932e+00  5.3402162e+00
  5.2822447e+00  5.6584444e+00  4.8694792e+00  4.7814860e+00]","[4.9267780e-02 8.2033519e-03 5.2416287e-03 2.8409890e-03 1.1143517e-02
 1.5239535e-01 3.5873693e-01 3.4869048e-01 2.2317941e-01 7.7492312e-02
 3.8050216e-02 5.3155776e-02 8.2807228e-02 1.4484464e-01 2.9016802e-01
 2.2949520e-01 1.2705453e-01 2.0258328e-01 2.0157513e-01 2.5801957e-01
 2.1136913e-01 2.3920180e-01 1.9691372e-01 2.1770360e-01 1.8153584e-01
 1.1912199e-01 1.4270154e-01 1.5067410e-01 1.1564597e-01 1.0885601e-01
 7.5871490e-02 7.3334485e-02 5.7366885e-02 5.8853950e-02 6.0960684e-02
 5.7605099e-02 7.4862204e-02 7.1887128e-02 5.1043265e-02 3.9642219e-02
 2.9316247e-02 2.3901312e-02 2.5716381e-02 2.6297482e-02 2.3952909e-02
 2.0936510e-02 1.8070403e-02 1.3332952e-02 1.3362458e-02 1.2795924e-02
 1.0986682e-02 9.1484617e-03 9.0973526e-03 6.7127710e-03 6.5226126e-03
 8.3179092e-03 7.4041085e-03 7.8784097e-03 7.5856205e-03 6.5673972e-03
 6.9397618e-03 5.5318582e-03 5.8558099e-03 5.0238511e-03 3.7030079e-03
 3.5879000e-03 2.6897853e-03 2.4514170e-03 2.2321178e-03 1.9446701e-03
 1.4355864e-03 1.2525684e-03 1.1497235e-03 9.6079375e-04 1.0651948e-03
 1.0983347e-03 1.0770991e-03 1.2634323e-03 1.3991348e-03 1.3154764e-03
 1.2370383e-03 9.1247592e-04 6.6093338e-04 4.9422513e-04 3.5174246e-04
 2.5668184e-04 1.9697152e-04 1.8493702e-04 1.8357678e-04 2.1619252e-04
 2.1213427e-04 1.9462267e-04 1.5209655e-04 1.1977759e-04 1.0065193e-04
 8.2314225e-05 7.0631402e-05 5.9497528e-05 5.1327817e-05 4.7182351e-05
 4.1246880e-05 3.8245580e-05 3.5748606e-05 3.6769492e-05 4.4741682e-05
 6.6855682e-05 7.9251702e-05 7.3209849e-05 6.6986358e-05 5.8453425e-05
 3.4577282e-05 1.3689823e-05 3.4956620e-06 5.0372563e-07 3.2519395e-08
 6.8980172e-10 2.3088243e-11 1.8733036e-11 1.7014751e-11 1.5685288e-11
 1.4629506e-11 1.3822322e-11 1.3126027e-11 1.2552707e-11 1.2086315e-11
 1.1774609e-11 1.1554239e-11 1.1395633e-11]","[0.5556224  0.5343036  0.51428133 0.5312886  0.5414895  0.5722106
 0.5928466  0.6026856  0.58269846 0.5492233  0.5702701  0.57525885]",0
1,304,"[-4.5376294e+02  1.2194220e+02  2.4755026e-01  1.5548677e+01
  1.0573433e+01 -8.0319662e+00 -6.1493945e+00  1.1278777e+00
  3.5456460e+00  2.2017734e+00  3.4939331e-01 -2.8094506e+00
  7.4533749e-01  1.0384878e+00 -8.2482028e-01 -1.2459908e+00
 -8.2769066e-01  5.6471717e-01 -1.1990647e+00 -5.8399671e-01
 -3.4398392e-01 -4.5880106e-01  8.9160120e-01  7.8585905e-01
  1.7939694e+00  3.6275582e+00  3.5017533e+00  1.9316761e+00
  2.7599115e+00  3.3771257e+00  2.2947426e+00  3.1652017e+00
  4.9128709e+00  5.6324253e+00  5.8606768e+00  6.1165609e+00
  5.3191876e+00  4.3054681e+00  2.9971304e+00  1.4587194e+00]","[9.06128958e-02 2.04243027e-02 1.03863394e-02 5.07283490e-03
 4.14828630e-03 1.51606351e-02 1.02020979e-01 1.96230680e-01
 1.35454476e-01 8.29964876e-02 4.73131575e-02 3.76101322e-02
 3.96323353e-02 4.91768941e-02 1.28106892e-01 1.35139748e-01
 9.29064378e-02 1.08458325e-01 1.04335405e-01 1.37715161e-01
 1.16906792e-01 1.51907101e-01 1.79280266e-01 1.28620371e-01
 1.11410469e-01 7.13318884e-02 8.85480046e-02 1.44158483e-01
 1.65852562e-01 1.41658619e-01 1.10726833e-01 7.58997127e-02
 6.13419935e-02 6.91782013e-02 5.67507781e-02 4.48759310e-02
 3.61787230e-02 3.46098170e-02 3.49295177e-02 2.64067668e-02
 1.83897335e-02 1.59388389e-02 1.32353343e-02 1.03277145e-02
 1.16736339e-02 9.70575958e-03 8.37189145e-03 8.02899245e-03
 7.79997557e-03 7.52394320e-03 7.20406370e-03 5.89526538e-03
 6.89468672e-03 7.76105747e-03 9.55590047e-03 8.13226309e-03
 8.86957720e-03 7.05046300e-03 6.78615505e-03 7.89470784e-03
 7.16949813e-03 7.71418447e-03 6.19329279e-03 5.83073869e-03
 4.79754061e-03 4.66328906e-03 4.14480083e-03 3.29103274e-03
 2.95208814e-03 2.07076129e-03 1.81045954e-03 1.75221509e-03
 1.36609119e-03 9.88628017e-04 9.10430565e-04 7.46074074e-04
 6.71267859e-04 7.09702552e-04 8.02267517e-04 8.27058451e-04
 6.99492753e-04 5.85004629e-04 5.05426899e-04 3.46290210e-04
 2.24112082e-04 2.18229412e-04 1.97425426e-04 1.80259522e-04
 1.69693871e-04 1.43466503e-04 1.39914337e-04 1.12346766e-04
 6.41705119e-05 5.11007456e-05 4.08803899e-05 3.00823667e-05
 2.29952529e-05 2.01919829e-05 1.69936229e-05 1.56007955e-05
 1.58742860e-05 1.45170843e-05 1.47203455e-05 1.30584031e-05
 1.12144380e-05 9.55352789e-06 8.46645435e-06 8.37173138e-06
 6.70474356e-06 4.46826516e-06 2.42855344e-06 9.72341354e-07
 2.30923831e-07 3.14055519e-08 1.88043781e-09 5.58632099e-11
 1.06490572e-11 9.34184067e-12 8.49350798e-12 7.82915659e-12
 7.31210231e-12 6.94037362e-12 6.58397295e-12 6.29885076e-12
 6.08865606e-12 5.92493762e-12 5.81637603e-12 5.74345129e-12]","[0.53350866 0.5321092  0.51899827 0.49000093 0.46984014 0.5035036
 0.56526357 0.626307   0.60570407 0.56081307 0.55801564 0.551422  ]",0
2,305,"[-2.6320389e+02  1.6404152e+02  2.0509510e+01  2.4034157e+00
  8.8627863e+00 -1.6067828e+00 -4.4552245e+00 -7.1171017e+00
 -4.4039240e+00 -5.3353500e-01 -3.7238133e+00  9.9413043e-01
  3.8114092e+00 -5.0623384e+00 -4.0121760e+00 -6.7393374e-01
 -6.2667394e+00 -4.2716064e+00  7.0179689e-01 -3.1321657e+00
 -4.5224442e+00 -3.5271245e-01 -7.8664497e-02 -6.8637508e-01
 -6.6878617e-01 -3.2654767e+00 -3.7727270e+00 -6.2540728e-01
  1.3133447e+00  1.1809186e-02 -1.1501368e+00 -4.2644453e-01
 -3.0795373e-02 -5.4789174e-01 -1.9955570e-01  6.5375131e-01
 -5.4573800e-02 -1.4050828e+00 -2.4271443e+00 -2.7279086e+00]","[4.86787081e-01 3.58982176e-01 1.60257781e+00 1.17115955e+01
 8.10290432e+00 4.27767849e+00 6.86881924e+00 1.00648041e+01
 1.30453186e+01 1.11067343e+01 6.39622116e+00 3.95156908e+00
 1.81668687e+00 4.88206100e+00 1.33482904e+01 1.07695646e+01
 4.83933258e+00 7.71512699e+00 7.78200197e+00 4.78841400e+00
 6.53289986e+00 1.71138229e+01 1.43869190e+01 8.89515686e+00
 7.65042162e+00 8.76053333e+00 1.01887474e+01 8.45968246e+00
 4.96855831e+00 2.92763042e+00 1.23536456e+00 8.61572146e-01
 1.43311489e+00 1.14546967e+00 1.45322049e+00 7.93280125e-01
 6.22818947e-01 6.22508109e-01 6.67588174e-01 4.13014024e-01
 3.48676860e-01 5.09588003e-01 6.87596619e-01 1.93381143e+00
 2.45155025e+00 8.90621781e-01 6.50102615e-01 7.96860933e-01
 3.03645074e-01 2.84116715e-01 2.41115421e-01 1.82031736e-01
 1.57087386e-01 2.26182908e-01 2.44600847e-01 2.38196939e-01
 1.84165001e-01 2.21457362e-01 1.62128001e-01 1.44205302e-01
 8.49004462e-02 3.07447407e-02 5.23167364e-02 5.98988049e-02
 5.46836257e-02 4.44623716e-02 2.87922490e-02 2.90731248e-02
 2.83340868e-02 2.93752067e-02 2.36190315e-02 2.65447628e-02
 1.37069291e-02 8.99567455e-03 9.26133804e-03 5.99964382e-03
 3.85164120e-03 2.18125409e-03 1.73774967e-03 1.56444812e-03
 2.67513236e-03 4.93078912e-03 4.23045969e-03 3.38845118e-03
 3.82033712e-03 4.77214018e-03 4.50537074e-03 2.88144313e-03
 1.32386177e-03 1.27550517e-03 7.25171063e-04 5.06488490e-04
 4.60919051e-04 3.73442133e-04 2.51321908e-04 2.45387200e-04
 2.39283298e-04 2.35457817e-04 1.72566972e-04 1.73394059e-04
 1.55382193e-04 1.42571502e-04 1.32214234e-04 1.33229551e-04
 1.28915854e-04 1.27116626e-04 1.12910042e-04 1.12467395e-04
 1.03148457e-04 6.18179838e-05 3.52455463e-05 1.85683930e-05
 3.77584252e-06 7.25729763e-07 5.23836476e-08 1.15149590e-09
 9.22338039e-11 8.11144277e-11 7.53680174e-11 7.04985445e-11
 6.66408942e-11 6.53882434e-11 6.36309963e-11 6.12515733e-11
 5.78789135e-11 5.80278950e-11 5.76887045e-11 5.63229151e-11]","[0.54699785 0.6705582  0.6238942  0.5533484  0.53428864 0.55428696
 0.60271364 0.6292447  0.61968255 0.60285306 0.6126403  0.5680385 ]",0
3,310,"[-4.4290115e+02  9.7580856e+01  1.3381280e+01  2.6758074e+01
  1.3926884e+01  1.1742569e+01  1.7444514e+00  8.7689757e-01
  2.2082093e+00  2.3219697e+00  7.5821972e+00  1.7051744e+00
  4.2851238e+00  3.0376258e+00  4.7542009e+00  4.9329863e+00
 -8.8965937e-02  3.0367556e+00  1.6537154e+00 -2.6510793e-01
 -1.3658041e-01  2.4837953e-01 -3.1605521e-01 -2.4314168e-01
  5.9618706e-01  5.8564365e-02  2.5395584e-01 -3.0273387e-01
  8.6383933e-01  2.6758397e-01 -5.6218362e-01  7.9263818e-01
  2.5586465e-01  4.5554227e-01  3.3264950e-01  1.1944751e-01
  1.0215199e+00  1.3588914e-01  8.9565158e-02  1.0950508e+00]","[7.34889746e-01 5.03113389e-01 4.95190650e-01 3.40628982e-01
 2.00814351e-01 2.68041670e-01 2.93009847e-01 2.12314337e-01
 1.27305061e-01 1.04883134e-01 9.51850042e-02 1.04725294e-01
 1.23657122e-01 1.33797348e-01 1.63374647e-01 1.74477711e-01
 1.91860870e-01 1.96939185e-01 2.01854154e-01 2.18655765e-01
 1.93974718e-01 1.76159218e-01 1.68896899e-01 1.23132877e-01
 1.03928514e-01 8.38951170e-02 6.93352073e-02 5.74703440e-02
 3.62039059e-02 2.44264770e-02 1.95397045e-02 1.55434180e-02
 1.44344149e-02 1.23612899e-02 1.29404543e-02 1.15589947e-02
 1.42632080e-02 1.32850921e-02 1.22121824e-02 1.23224324e-02
 1.19023416e-02 1.24403303e-02 1.58209763e-02 1.26387319e-02
 1.22968387e-02 1.36741847e-02 1.55658098e-02 1.55946454e-02
 1.63135286e-02 1.69270262e-02 1.79979298e-02 1.64749343e-02
 1.35687562e-02 1.23382090e-02 1.15512302e-02 1.15630282e-02
 9.81300790e-03 8.36163294e-03 7.48810079e-03 6.51416462e-03
 5.67337591e-03 4.61765612e-03 4.27798694e-03 3.40464409e-03
 2.92818970e-03 2.43821088e-03 1.87861896e-03 1.58892304e-03
 1.54699257e-03 1.62929250e-03 1.84314686e-03 1.96319097e-03
 1.97022664e-03 1.69964402e-03 1.41142809e-03 1.31654087e-03
 1.36811438e-03 1.26697286e-03 1.00637588e-03 7.83659343e-04
 6.02912623e-04 5.67726325e-04 5.59927314e-04 5.81371598e-04
 6.27738133e-04 6.62177685e-04 6.15530589e-04 5.33378858e-04
 4.08867898e-04 3.53291747e-04 3.71012604e-04 4.13334375e-04
 4.09162458e-04 3.95479845e-04 3.87208536e-04 3.66829074e-04
 3.74889583e-04 3.83569481e-04 3.86018946e-04 4.31701104e-04
 4.15703049e-04 3.82584258e-04 3.73309129e-04 3.22864333e-04
 2.72052712e-04 2.50740035e-04 2.49368983e-04 2.03202231e-04
 1.38045551e-04 7.51730113e-05 3.38321042e-05 1.13735641e-05
 2.72904890e-06 4.01568826e-07 2.90832656e-08 8.22376112e-10
 1.88605784e-10 1.71588160e-10 1.59872074e-10 1.50568391e-10
 1.42808543e-10 1.36613887e-10 1.31469197e-10 1.27215086e-10
 1.24083993e-10 1.21290339e-10 1.19446758e-10 1.18264426e-10]","[0.6846361  0.682426   0.7039091  0.726561   0.7412541  0.74646246
 0.7373477  0.739697   0.7387827  0.7101725  0.67281127 0.66877586]",0
4,312,"[-4.5313727e+02  6.3742199e+01  1.8837940e+01  2.1123793e+01
  1.1409798e+01  8.2862539e+00  2.9098485e+00  3.2958059e+00
  2.0405004e+00  3.4427381e+00  5.9326553e+00  1.9442796e+00
  3.4531169e+00  1.9886433e+00  3.5481868e+00  3.5098631e+00
  1.0303471e+00  1.8681209e+00  2.2332230e+00  1.7951205e+00
  5.2948004e-01  2.2449534e+00  1.0728725e+00  9.1602601e-02
  1.6302762e+00  1.1942062e+00  8.9180094e-01  1.0910313e+00
  1.2664049e+00  6.4761907e-01  1.0079228e+00  1.1480114e+00
  1.2627071e+00  1.3204067e+00  9.5245248e-01  1.5414774e+00
  1.2909076e+00  1.0031385e+00  8.5522443e-01  7.7715927e-01]","[2.5820479e+00 1.9170076e+00 1.6154417e+00 1.5470971e+00 1.1226228e+00
 8.0269426e-01 7.4232626e-01 8.0920488e-01 6.6613317e-01 6.0202414e-01
 3.9644873e-01 4.1083026e-01 4.4773293e-01 4.6179605e-01 5.6576395e-01
 6.0654354e-01 5.2812058e-01 4.1885358e-01 3.8483986e-01 4.6859396e-01
 3.6581653e-01 2.9262134e-01 3.0400378e-01 2.1148045e-01 1.5582155e-01
 1.0439199e-01 8.0900393e-02 6.3458383e-02 4.3159705e-02 3.7527036e-02
 2.5988428e-02 2.1492768e-02 1.9541202e-02 1.5861429e-02 1.5975149e-02
 1.4211532e-02 1.3489042e-02 1.4854790e-02 1.4321185e-02 1.5572019e-02
 1.6115328e-02 1.5405287e-02 1.3359287e-02 1.3333031e-02 1.3325263e-02
 1.2188873e-02 1.2096019e-02 1.2429652e-02 1.1978089e-02 1.1170861e-02
 9.9170292e-03 8.9164069e-03 8.2841255e-03 6.8525993e-03 7.5649382e-03
 6.4034574e-03 5.1591182e-03 4.8362114e-03 3.8822519e-03 3.3409831e-03
 3.1071913e-03 2.5078119e-03 2.2125489e-03 2.3916548e-03 1.8484093e-03
 1.7171083e-03 1.5055664e-03 1.3578216e-03 1.6102766e-03 1.8446674e-03
 2.3032178e-03 2.3056553e-03 2.2939038e-03 1.6352159e-03 1.2871480e-03
 9.6629286e-04 8.5641892e-04 8.0523908e-04 8.2347682e-04 9.6514617e-04
 1.0979344e-03 1.4561017e-03 1.5171979e-03 1.3238902e-03 1.3137942e-03
 1.1742947e-03 1.1573249e-03 1.1752284e-03 1.0371914e-03 8.3844532e-04
 8.2866609e-04 8.0591365e-04 8.5721374e-04 8.1534975e-04 8.3408027e-04
 8.3417073e-04 8.4681198e-04 8.4986549e-04 8.2047848e-04 8.1375911e-04
 7.7803788e-04 7.8969495e-04 7.2537427e-04 6.8604754e-04 7.0900162e-04
 6.5939204e-04 6.1467302e-04 4.9151882e-04 4.5405221e-04 3.0475212e-04
 1.7388223e-04 6.5546665e-05 1.6374697e-05 2.2097015e-06 1.4290167e-07
 2.9186831e-09 9.1439261e-12 7.5572540e-13 7.2485301e-13 6.7359985e-13
 6.5576239e-13 6.7405017e-13 7.3993697e-13 8.3908146e-13 1.3994274e-12
 8.6311318e-13 6.8886915e-13 6.0485785e-13]","[0.6795247  0.6862467  0.69064474 0.7091292  0.73206925 0.7336727
 0.72842026 0.7470451  0.7477036  0.7028372  0.67257005 0.6805441 ]",0
5,313,"[-5.1500482e+02  7.9465302e+01  1.6068192e+01  1.7439329e+01
  9.8082733e+00  8.7455931e+00  4.2387185e+00 -2.3287518e+00
  4.9880764e-01  3.3867886e+00  2.7604790e+00  4.7498436e+00
  5.2182326e+00 -7.3030967e-01  3.3593328e+00  3.7778215e+00
 -1.4823253e+00  1.8337376e+00  2.2769907e+00 -9.9054527e-01
  7.3695266e-01  2.3728271e+00 -1.0056521e+00  2.1648149e-01
  8.9131713e-01 -1.2107774e+00  8.5084051e-01  1.8842645e-01
  9.8495241e-03  1.3624624e+00  4.1894093e-01  6.1777365e-01
  1.2069556e+00  5.8021337e-01  7.7659696e-01  1.2665403e+00
  2.6463938e-01  5.9471381e-01  9.2986369e-01  4.8210451e-04]","[2.28664860e-01 1.21302597e-01 9.72013474e-02 1.33313090e-01
 5.54818138e-02 2.50117183e-02 5.78300245e-02 8.80443677e-02
 3.84015925e-02 1.68504436e-02 2.39738710e-02 3.33835818e-02
 2.90643107e-02 2.56900527e-02 4.71166223e-02 5.51885851e-02
 5.23076765e-02 4.57420200e-02 4.97603938e-02 5.45885861e-02
 4.29212116e-02 4.85625640e-02 6.52348623e-02 6.00208603e-02
 5.61449006e-02 4.43872139e-02 3.99907716e-02 3.09419483e-02
 1.97064988e-02 1.15143210e-02 6.39669271e-03 3.89174744e-03
 3.92735656e-03 3.59375286e-03 4.07447992e-03 3.45306215e-03
 2.87669641e-03 3.50358081e-03 3.58836283e-03 4.70741792e-03
 3.73778935e-03 4.40219324e-03 4.52283956e-03 4.96463338e-03
 5.28204348e-03 4.53151483e-03 4.88022715e-03 5.23855258e-03
 3.81415687e-03 3.17716878e-03 3.02978046e-03 3.10935173e-03
 2.99862772e-03 2.15466972e-03 2.05790554e-03 1.90721056e-03
 1.43066992e-03 1.28384458e-03 1.33667514e-03 1.24872150e-03
 1.17378216e-03 8.32856575e-04 5.78778330e-04 4.56085283e-04
 3.29471339e-04 2.75508355e-04 2.18038898e-04 2.23652940e-04
 1.88415928e-04 1.87771686e-04 1.84047909e-04 1.96337554e-04
 2.19887035e-04 2.22050323e-04 1.82466174e-04 1.41113749e-04
 1.24513710e-04 9.59142271e-05 8.47709016e-05 8.48299969e-05
 6.33917880e-05 6.35560646e-05 6.36714103e-05 8.83007160e-05
 1.30885965e-04 2.01569710e-04 2.83241330e-04 3.54688964e-04
 2.99087784e-04 1.79078197e-04 9.38219455e-05 5.53866994e-05
 4.60979718e-05 5.58231259e-05 6.05238383e-05 7.14265407e-05
 9.04275512e-05 1.02623169e-04 1.35878799e-04 1.69269726e-04
 1.88900172e-04 1.72168628e-04 1.26919243e-04 8.28325501e-05
 8.20886489e-05 8.54452082e-05 8.97413702e-05 7.31066975e-05
 4.53593566e-05 2.10687558e-05 9.11931147e-06 3.09639631e-06
 8.00143084e-07 1.12761576e-07 8.03837530e-09 1.65389258e-10
 2.66288597e-12 1.98316255e-12 1.84598105e-12 1.73626380e-12
 1.64567936e-12 1.58110450e-12 1.52997016e-12 1.48624927e-12
 1.50339290e-12 1.41693796e-12 1.39250308e-12 1.37691388e-12]","[0.58487934 0.6075047  0.63553596 0.665864   0.6773341  0.6772352
 0.6813121  0.7061275  0.68244267 0.6368909  0.61604095 0.60141665]",0
6,315,"[-3.9413458e+02  9.7462082e+01  4.0936962e+01  2.6000341e+01
  1.7072252e+01  1.1165437e+01  5.5888896e+00  6.1708226e+00
  3.8811243e+00  3.1634638e+00  4.5505371e+00  2.5568368e+00
  3.2732337e+00  1.3525046e+00  2.0335441e+00  9.3624365e-01
 -2.8923190e-01  8.9629728e-01 -6.3930756e-01 -2.3081073e-01
 -1.3759677e+00 -9.9265206e-01 -5.3000742e-01 -1.5252846e+00
 -4.1547310e-01 -8.5637772e-01 -5.0737667e-01  1.0965378e-01
  4.5446325e-02 -4.0276553e-02 -8.6346388e-02  4.9196386e-01
 -8.8549145e-02 -3.1234834e-01 -2.0435543e-01 -3.9583573e-01
 -2.9610205e-01 -7.0629728e-01 -6.3315713e-01 -5.8855337e-01]","[7.58767462e+00 9.43554783e+00 1.19214058e+01 1.27155771e+01
 1.18956261e+01 8.53825665e+00 6.91895771e+00 6.53538799e+00
 5.26667404e+00 3.78356528e+00 2.90790153e+00 2.34610701e+00
 2.25254631e+00 1.77354050e+00 1.51933193e+00 1.35942578e+00
 1.50971282e+00 1.27927768e+00 9.32593822e-01 8.43418121e-01
 8.61412466e-01 6.60300612e-01 5.00901163e-01 4.36241627e-01
 4.42618906e-01 3.90257716e-01 3.02874357e-01 2.73167878e-01
 2.28825584e-01 2.21203059e-01 1.59280613e-01 1.21726714e-01
 1.17201559e-01 1.05144307e-01 8.40929598e-02 6.38438612e-02
 6.08831234e-02 6.81499094e-02 5.49961776e-02 4.87570092e-02
 4.16100807e-02 4.49313447e-02 4.24661376e-02 3.21400724e-02
 3.27442102e-02 3.05783413e-02 2.68794782e-02 2.51102280e-02
 2.40377896e-02 2.04217378e-02 1.46016162e-02 1.24728810e-02
 1.03405816e-02 8.53504241e-03 8.55736062e-03 7.31661310e-03
 6.55999035e-03 6.34123897e-03 5.49385790e-03 4.44305176e-03
 3.50478594e-03 3.33878887e-03 2.89972196e-03 2.32674484e-03
 2.17856746e-03 2.03281408e-03 1.78393105e-03 1.53723836e-03
 1.24058523e-03 1.06836949e-03 1.03170262e-03 1.05871493e-03
 1.09780673e-03 1.05992763e-03 9.31628165e-04 6.85730949e-04
 5.28645003e-04 4.50127263e-04 4.04844817e-04 3.69812362e-04
 3.69619462e-04 3.52400442e-04 3.57488898e-04 3.72318085e-04
 3.76496813e-04 3.21034750e-04 2.51045596e-04 2.13899621e-04
 2.07263467e-04 2.43485731e-04 2.74004997e-04 2.61088368e-04
 2.42023219e-04 2.04206168e-04 1.75170557e-04 1.58860697e-04
 1.39932279e-04 1.28797343e-04 1.25978884e-04 1.28372354e-04
 1.40170654e-04 1.40168617e-04 1.49239655e-04 1.64306213e-04
 1.80344054e-04 1.84235614e-04 1.81094074e-04 1.73873297e-04
 1.35612718e-04 9.37244549e-05 5.25942341e-05 2.07525645e-05
 5.21354787e-06 7.30617899e-07 4.21677342e-08 6.65353439e-10
 5.83771399e-12 3.41842028e-12 3.04408668e-12 2.74885908e-12
 2.56258122e-12 2.49162193e-12 2.59411112e-12 3.36703950e-12
 5.79458313e-12 3.50762887e-12 2.40177453e-12 2.06580239e-12]","[0.6499906  0.64524275 0.6247575  0.644023   0.6596038  0.65459895
 0.64555013 0.67607987 0.71694064 0.7462736  0.70585716 0.66581124]",0
7,316,"[-5.1447040e+02  5.4557289e+01  2.0381386e+01  1.8693424e+01
  1.4036804e+01  9.7393942e+00  7.9273887e+00  6.7393379e+00
  4.0438375e+00  5.9623981e+00  8.2405882e+00  5.7634702e+00
  5.3769946e+00  4.6405368e+00  5.3273706e+00  5.0637317e+00
  3.1416657e+00  2.5980592e+00  2.6341815e+00  1.9033417e+00
  3.3592129e-01  1.0761205e+00  1.1595157e+00  3.9066002e-01
  8.8305515e-01  1.2287364e+00  7.5721580e-01  5.3427541e-01
  9.3706834e-01  5.1723397e-01  4.0972412e-01  4.4672659e-01
  7.0959502e-01  9.6142417e-01  7.4865317e-01  9.4181043e-01
  9.8459017e-01  1.0249976e+00  8.6524820e-01  1.0184625e+00]","[4.45017517e-01 2.07180366e-01 2.11994722e-01 2.26661399e-01
 8.55719000e-02 7.97455385e-02 1.11978397e-01 4.97818924e-02
 1.45408362e-02 1.10765174e-02 1.24577889e-02 1.18378336e-02
 1.49783501e-02 1.73358042e-02 1.59844309e-02 1.59300510e-02
 1.87128391e-02 2.16196589e-02 1.98897496e-02 2.25927830e-02
 2.40839031e-02 2.24566758e-02 2.07730737e-02 2.00390238e-02
 1.32540027e-02 9.27469786e-03 7.93619081e-03 5.27065992e-03
 3.48155992e-03 3.28974519e-03 2.54180213e-03 2.03583902e-03
 1.93060748e-03 1.63428800e-03 1.82683906e-03 1.95931923e-03
 1.71308673e-03 1.97550049e-03 2.01114477e-03 1.87655748e-03
 2.03232258e-03 2.23142863e-03 2.08953652e-03 1.67746283e-03
 1.72657811e-03 1.86168833e-03 1.65812264e-03 1.60316087e-03
 1.38141739e-03 1.10404030e-03 9.43332969e-04 9.38435434e-04
 9.05599853e-04 9.91158420e-04 8.52088968e-04 6.82379701e-04
 6.10898540e-04 4.41584387e-04 3.90636647e-04 3.01832886e-04
 2.38365392e-04 2.09142032e-04 1.87986050e-04 1.72687971e-04
 1.61111486e-04 1.58791634e-04 1.66217680e-04 1.81847005e-04
 2.18852554e-04 2.50021229e-04 2.64630246e-04 2.36013206e-04
 2.03057876e-04 1.52127439e-04 1.17871103e-04 1.05803876e-04
 8.96805359e-05 8.78630526e-05 9.48562156e-05 1.05699655e-04
 1.06427724e-04 1.07735519e-04 1.06473788e-04 8.85926347e-05
 7.34013665e-05 6.16405523e-05 4.94441956e-05 3.84694576e-05
 3.31399933e-05 2.97968800e-05 2.59653862e-05 2.52873087e-05
 2.86236609e-05 2.65060826e-05 2.35746102e-05 2.15089658e-05
 1.98164544e-05 2.01084094e-05 1.92422394e-05 2.02869451e-05
 2.20714919e-05 2.67116393e-05 3.55862503e-05 3.49160582e-05
 3.03211309e-05 2.67978940e-05 2.46692634e-05 2.55801951e-05
 2.37959866e-05 2.03789859e-05 1.36604249e-05 5.08810899e-06
 1.11681607e-06 1.66244789e-07 1.06214442e-08 2.21893184e-10
 1.34862065e-12 7.80317813e-13 7.24801024e-13 6.78769053e-13
 6.44035227e-13 6.18746428e-13 5.95553283e-13 5.81656901e-13
 6.85885702e-13 5.66772269e-13 5.38751769e-13 5.29652114e-13]","[0.69307387 0.7043499  0.71678644 0.7480734  0.7728958  0.8109682
 0.79560137 0.7830293  0.7539308  0.7108584  0.6758266  0.6748934 ]",0
8,317,"[-5.1366064e+02  1.3574290e+02 -1.8332973e+00  3.1279116e+01
  6.7511983e+00  2.6329449e-01  3.2598567e-01  5.6662369e-01
 -4.7724466e+00  2.2379606e+00  7.8519869e+00 -1.8898566e+00
  3.8587947e+00 -1.7327529e+00  4.5255942e+00  4.0009174e+00
 -9.5077831e-01  3.5936821e+00  1.9322596e-01  2.2644238e+00
 -3.4586517e-03  7.0658255e-01 -1.1266464e+00 -1.3328336e+00
  1.0083488e+00 -2.3226161e+00  8.0676460e-01 -1.1648099e+00
 -1.9447706e+00 -2.9231590e-01 -7.3376548e-01  9.2161620e-01
 -6.8741161e-01 -1.0042362e+00  3.1791929e-02 -1.5648858e-01
 -8.3156681e-01 -5.7405347e-01  2.3371765e-01 -5.5926508e-01]","[5.20757884e-02 2.04305742e-02 8.68064910e-02 1.99813947e-01
 1.36176690e-01 5.30544259e-02 6.92959577e-02 7.10002705e-02
 5.88148683e-02 5.63417450e-02 5.30159213e-02 5.76266646e-02
 7.72060901e-02 8.84466097e-02 1.00402445e-01 1.03861652e-01
 1.06936388e-01 1.03307754e-01 1.00480616e-01 9.62062329e-02
 9.79566053e-02 1.03713922e-01 1.06351189e-01 9.61935297e-02
 1.07671648e-01 7.97974989e-02 4.98616174e-02 4.60490286e-02
 3.98405753e-02 3.88504341e-02 2.85774190e-02 1.92502569e-02
 1.73344389e-02 1.85435396e-02 1.75549462e-02 1.21152019e-02
 7.63576943e-03 8.14955123e-03 8.73850286e-03 7.58968061e-03
 5.53123048e-03 5.06271096e-03 5.94262732e-03 6.48992555e-03
 7.03799771e-03 7.51930522e-03 7.69871194e-03 1.18398536e-02
 1.70835517e-02 1.31534701e-02 1.06249293e-02 1.13361767e-02
 8.45847558e-03 6.02101116e-03 4.87935403e-03 3.90542438e-03
 3.33196879e-03 2.45117792e-03 2.17104168e-03 1.90101692e-03
 1.28858374e-03 1.16176996e-03 1.00518693e-03 7.47829152e-04
 6.73762581e-04 6.08389731e-04 6.32175128e-04 5.98060025e-04
 5.98566257e-04 6.20536914e-04 7.62996904e-04 8.98673316e-04
 1.17087434e-03 1.50627003e-03 1.44773815e-03 1.27299596e-03
 9.81831341e-04 6.42544706e-04 4.69429157e-04 4.13452421e-04
 3.86976055e-04 4.06668347e-04 4.66556230e-04 4.85675380e-04
 4.60193987e-04 4.02689097e-04 3.24995868e-04 2.59708904e-04
 2.12181985e-04 1.62066222e-04 9.64181672e-05 6.77992575e-05
 6.85697378e-05 8.08755722e-05 9.67173692e-05 9.75907315e-05
 1.13697824e-04 1.28962914e-04 1.52702123e-04 1.81515643e-04
 1.75056120e-04 1.51388274e-04 1.30073327e-04 7.47235608e-05
 4.11162546e-05 4.02142250e-05 4.54170986e-05 3.27057423e-05
 2.03990930e-05 1.13923024e-05 5.62857394e-06 2.56852195e-06
 7.01043007e-07 1.04867937e-07 6.67350086e-09 1.50386967e-10
 1.43477775e-12 8.84206228e-13 8.12876730e-13 7.52095760e-13
 6.93501734e-13 6.63463696e-13 6.44129823e-13 6.18667986e-13
 5.92420969e-13 5.67487734e-13 5.67752930e-13 5.54952406e-13]","[0.58420414 0.60407835 0.61517817 0.64544904 0.69834536 0.7197697
 0.70520186 0.68532974 0.659878   0.6382158  0.6015532  0.5896921 ]",0
9,318,"[-4.6948907e+02  1.2481145e+02  1.4331056e+01  2.2490215e+01
  1.4074393e+01  3.9650846e+00  2.3238933e+00  8.5761499e-01
 -2.0158505e+00  1.0862856e+00  2.8887174e+00 -1.5605727e+00
  1.6969723e+00  9.2614599e-02 -7.3906165e-01  7.6143724e-01
 -4.9371555e-01 -2.4298892e+00 -7.5861049e-01  9.0691960e-01
 -1.5882195e+00  5.1699710e-01 -1.1390021e-01 -9.9535018e-01
  1.3469100e+00  9.8724157e-01 -9.6165895e-01 -8.0890167e-01
  1.3232107e+00 -8.8088346e-01 -1.5609492e+00 -6.5201923e-02
 -2.6362431e-01 -5.1997894e-01 -1.0807154e+00 -5.7077879e-01
  1.6495611e-01  1.1442380e-01 -4.5057869e-01  4.8798767e-01]","[2.23940596e-01 1.06560417e-01 3.64874810e-01 4.19063032e-01
 2.52940625e-01 2.58135617e-01 4.34390128e-01 2.87467808e-01
 2.57732719e-01 3.02219123e-01 1.88687950e-01 1.89846575e-01
 2.48808578e-01 2.01486215e-01 2.01331869e-01 2.10433558e-01
 2.22708568e-01 2.13690698e-01 2.17921168e-01 2.43068069e-01
 2.40951300e-01 2.06788912e-01 2.12960377e-01 1.82768568e-01
 1.31838679e-01 9.89166871e-02 1.02432042e-01 8.55037645e-02
 4.71835099e-02 5.80949411e-02 5.47418892e-02 4.18736637e-02
 3.53137776e-02 3.29088978e-02 2.58210804e-02 1.87707692e-02
 1.96219105e-02 1.89212691e-02 1.46739027e-02 1.79586876e-02
 1.83481220e-02 1.65328830e-02 1.80476084e-02 1.94533132e-02
 1.75004378e-02 1.65313222e-02 1.41575485e-02 1.35000637e-02
 1.18666096e-02 1.22540025e-02 1.10099902e-02 9.51819587e-03
 8.88906606e-03 7.98447989e-03 8.15030374e-03 6.60681212e-03
 6.35902071e-03 5.72600914e-03 5.26726432e-03 4.58042603e-03
 4.00154525e-03 3.33658163e-03 2.78560910e-03 2.44013104e-03
 2.19251448e-03 1.71226379e-03 1.45257637e-03 1.39165320e-03
 1.28041254e-03 1.54761842e-03 1.80495228e-03 1.68242061e-03
 1.47917820e-03 1.25005597e-03 9.87245701e-04 7.62729032e-04
 6.60131627e-04 6.11019146e-04 5.83477900e-04 6.26781723e-04
 6.32034149e-04 5.77881467e-04 5.39110333e-04 4.58971626e-04
 3.37392965e-04 2.31109589e-04 1.59721880e-04 1.26298619e-04
 1.18845128e-04 1.03072780e-04 1.10385874e-04 1.26879822e-04
 1.34133763e-04 1.33490990e-04 1.34908085e-04 1.62705794e-04
 1.69499195e-04 2.05546399e-04 1.90265637e-04 1.87446203e-04
 1.99060902e-04 1.75568421e-04 1.66495054e-04 1.45815691e-04
 1.12447728e-04 6.97241630e-05 8.01716014e-05 8.23384034e-05
 8.02825816e-05 5.81115455e-05 2.86883678e-05 9.86190753e-06
 2.01514649e-06 2.36796012e-07 1.31189157e-08 2.46613313e-10
 3.76614538e-12 2.84880301e-12 2.69862192e-12 2.55207530e-12
 2.44245488e-12 2.37976934e-12 2.32878365e-12 2.29450573e-12
 2.25577890e-12 2.20197840e-12 2.15092028e-12 2.10417079e-12]","[0.6605237  0.638803   0.6397889  0.6832224  0.7200155  0.7328836
 0.6871368  0.66657776 0.65420103 0.62760514 0.6183811  0.6570742 ]",0
10,319,"[-4.82032471e+02  6.65833893e+01  2.18140678e+01  1.74401951e+01
  1.31971169e+01  4.23990917e+00 -5.53701639e-01 -1.45154357e-01
  5.14698960e-02 -7.43788719e-01  1.05006385e+00  1.63372934e+00
  1.18605030e+00  8.74375880e-01  1.42050910e+00  1.51454866e+00
  1.63182750e-01 -9.16660786e-01  5.78302220e-02  9.30700421e-01
 -1.60250545e+00 -2.47227645e+00 -1.19382334e+00 -1.98549712e+00
 -2.86239243e+00 -1.88576972e+00 -8.82119834e-01 -1.21703863e+00
 -6.96737289e-01  1.03928514e-01 -3.06698143e-01 -3.48596811e-01
 -1.52071029e-01 -2.45845616e-01 -1.15218990e-01  3.50774117e-02
 -3.31823468e-01 -6.84529901e-01 -6.22469366e-01 -2.60227352e-01]","[3.22936982e-01 5.77876456e-02 6.13621660e-02 7.41746575e-02
 7.23442212e-02 5.10538965e-02 5.88716306e-02 7.16686249e-02
 5.32578975e-02 3.97320800e-02 2.86245439e-02 2.61626057e-02
 3.00060511e-02 2.26097014e-02 2.77637765e-02 2.86676567e-02
 2.63569653e-02 2.59250160e-02 2.41764933e-02 2.54467931e-02
 1.71011910e-02 1.32535137e-02 1.23653337e-02 1.11761075e-02
 1.29717495e-02 1.06513854e-02 7.17615755e-03 4.68693115e-03
 4.00006166e-03 3.65750771e-03 3.25239706e-03 2.86861253e-03
 2.11406802e-03 1.46194792e-03 1.40694994e-03 1.22176623e-03
 1.10655301e-03 1.24428992e-03 1.15727144e-03 1.21539854e-03
 9.98214120e-04 9.48407862e-04 1.25402352e-03 1.59095821e-03
 2.14405358e-03 1.98867475e-03 1.75989128e-03 1.24800985e-03
 1.33802486e-03 1.32560416e-03 1.22028450e-03 1.12539809e-03
 9.31096612e-04 9.90935368e-04 8.82157998e-04 9.66056308e-04
 1.28446845e-03 9.18435748e-04 6.54479198e-04 5.56956278e-04
 6.49582827e-04 5.86613780e-04 5.75590471e-04 5.19562454e-04
 6.12014032e-04 6.37435645e-04 5.03164309e-04 5.23920811e-04
 5.23663184e-04 5.34622290e-04 6.14251883e-04 3.46365239e-04
 2.44050389e-04 1.64859157e-04 1.28824613e-04 1.92405845e-04
 2.64772912e-04 3.48974805e-04 4.95846849e-04 4.05547064e-04
 3.54100863e-04 2.64221948e-04 2.25275580e-04 2.56260973e-04
 1.92209860e-04 1.96904017e-04 2.15166801e-04 3.41879932e-04
 2.49961595e-04 3.63519677e-04 3.57919285e-04 3.16205318e-04
 3.51227005e-04 2.04135431e-04 1.91158746e-04 1.70321786e-04
 8.05966338e-05 4.36462942e-05 3.01664113e-05 2.60024481e-05
 3.27256676e-05 2.91358447e-05 3.64298721e-05 2.87372077e-05
 3.62731589e-05 3.54199947e-05 3.92438487e-05 3.08219824e-05
 1.24431735e-05 6.67506492e-06 4.67729524e-06 2.20607558e-06
 7.84910526e-07 1.14081878e-07 5.30194777e-09 9.04833292e-11
 1.90556633e-11 1.73606927e-11 1.62419522e-11 1.53443768e-11
 1.45958141e-11 1.39987119e-11 1.34953177e-11 1.30856844e-11
 1.28471556e-11 1.25171436e-11 1.23180641e-11 1.21945154e-11]","[0.62346995 0.61577094 0.61978024 0.6152035  0.62926733 0.6709241
 0.6801002  0.68426555 0.6744714  0.6354759  0.6326457  0.6350569 ]",1
11,320,"[-4.9791766e+02  1.0303710e+02  8.5084105e+00  2.7368799e+01
  6.2823949e+00  4.5498109e+00  1.8734148e+00 -7.5696646e-03
  6.7223668e+00  1.2030561e+00  7.2226143e-01 -4.3018052e-01
  6.2365666e-02  2.6078279e+00  3.0830963e+00  7.6574552e-01
  1.1835948e+00  3.2615693e+00  3.2673359e+00  5.4133499e-01
 -9.9221867e-01  8.2391337e-02 -8.3633542e-01  1.4746462e+00
 -4.2705780e-01 -5.2056074e-01  2.2068040e+00 -2.5199929e-01
  1.5424503e+00  1.5714056e+00  1.6201799e-01  7.4064279e-01
  1.1370333e+00  2.3100951e+00  2.0797865e+00  1.7292256e+00
  2.4063969e+00  3.0268655e+00  2.6336505e+00  2.9842789e+00]","[1.32025644e-01 6.50992617e-02 3.12551297e-02 2.02030689e-02
 2.89794039e-02 1.07697204e-01 2.29433313e-01 2.58162022e-01
 2.04792202e-01 1.30099058e-01 8.07133764e-02 1.07661709e-01
 1.47249788e-01 1.58590943e-01 2.07342148e-01 2.11119950e-01
 2.15233877e-01 2.27345213e-01 2.08775744e-01 1.57951042e-01
 1.28972426e-01 1.43844351e-01 1.24947913e-01 8.81963968e-02
 9.22944844e-02 1.10021040e-01 1.31357729e-01 1.12393446e-01
 8.89671817e-02 8.29384625e-02 6.26766235e-02 4.54781316e-02
 4.68299985e-02 3.26767974e-02 2.99367048e-02 2.45854631e-02
 2.26549972e-02 2.15069503e-02 1.62611492e-02 1.59321949e-02
 2.27063075e-02 1.87105201e-02 1.68958362e-02 2.19822079e-02
 1.96781922e-02 1.77504029e-02 1.81944557e-02 2.28148364e-02
 1.35846939e-02 9.52774286e-03 8.54717381e-03 9.06652398e-03
 1.10050077e-02 1.35558257e-02 1.39711630e-02 1.51853124e-02
 1.05988113e-02 1.02400277e-02 1.15887467e-02 9.69758909e-03
 1.00349719e-02 7.53305806e-03 6.42805686e-03 7.33699929e-03
 6.67323079e-03 5.12597058e-03 4.48437547e-03 4.03686473e-03
 3.59659712e-03 3.32718622e-03 3.25858570e-03 3.02325981e-03
 2.99686799e-03 3.60651989e-03 3.69670545e-03 3.11063323e-03
 3.52500170e-03 3.44304112e-03 2.80988403e-03 2.28617922e-03
 1.75457017e-03 1.23540021e-03 9.18702513e-04 7.92028324e-04
 6.72378053e-04 7.56380963e-04 7.96115957e-04 8.74470279e-04
 8.93376127e-04 7.16864364e-04 5.50265657e-04 4.43797995e-04
 3.31772899e-04 2.44112744e-04 2.45056726e-04 2.17758570e-04
 1.92744759e-04 1.54408845e-04 1.27762411e-04 1.07569445e-04
 8.86122143e-05 8.11401915e-05 7.60019029e-05 5.86217939e-05
 5.05657808e-05 4.43206227e-05 4.07278203e-05 3.42472740e-05
 3.05209687e-05 2.29499547e-05 1.47175433e-05 5.13745090e-06
 1.22109043e-06 1.85990899e-07 1.21493473e-08 2.80050899e-10
 3.01802680e-11 2.69569228e-11 2.50764964e-11 2.35828856e-11
 2.23431152e-11 2.13661415e-11 2.05356548e-11 1.98603373e-11
 1.93152907e-11 1.89028879e-11 1.86060455e-11 1.84037525e-11]","[0.57913643 0.57463086 0.5946633  0.6196101  0.6301838  0.6319722
 0.6309303  0.6417277  0.63217926 0.6246511  0.61265683 0.6008994 ]",1
12,321,"[-5.6673059e+02  1.1101107e+02  6.0355539e+00  2.1319466e+01
  5.3635187e+00  2.3669410e+00 -1.8091823e+00 -6.0671382e+00
 -6.4815593e-01 -1.2613710e+00 -7.1377265e-01 -2.0119145e+00
 -1.6675297e+00  1.9991211e+00  3.5766454e+00 -3.0620649e+00
  3.1864551e-01  2.7903500e+00 -1.8997759e+00  1.1770372e+00
  6.7810512e-01 -4.1335189e-01 -2.3065291e-01  7.2080586e-03
 -9.2937148e-01 -1.6932566e+00 -7.5658821e-02 -8.1203228e-01
 -1.8623492e-01  2.6494855e-01 -5.8212131e-01 -1.0280020e+00
 -1.9341026e-01  2.7297294e-01 -1.7146693e-01  1.0436521e+00
  1.9760318e+00  3.3796048e+00  5.1307015e+00  6.2192841e+00]","[3.32038440e-02 1.44898081e-02 4.64960327e-03 3.56434518e-03
 6.15618518e-03 4.05730568e-02 4.96124253e-02 1.82249192e-02
 5.30127110e-03 2.83233100e-03 5.91123104e-03 2.54275035e-02
 5.63135520e-02 4.80232611e-02 2.75923684e-02 1.66495424e-02
 1.54247480e-02 1.80626828e-02 2.51823869e-02 2.69502252e-02
 1.56273600e-02 9.14128032e-03 8.88290536e-03 8.16788897e-03
 1.01801036e-02 1.08012948e-02 9.08004586e-03 8.69920570e-03
 6.02676393e-03 3.95695539e-03 3.24000721e-03 3.12068220e-03
 3.48274712e-03 2.60756444e-03 2.77111586e-03 2.49627838e-03
 1.49008620e-03 1.68496545e-03 1.51827128e-03 1.16056448e-03
 9.87455249e-04 9.17339406e-04 8.94330791e-04 9.25536384e-04
 9.23907210e-04 7.39786774e-04 7.29642808e-04 9.49893263e-04
 7.63718970e-04 6.27132773e-04 5.86604001e-04 6.12565200e-04
 7.10927299e-04 8.11524165e-04 6.35211181e-04 5.24672796e-04
 4.88673511e-04 6.03542547e-04 5.71610173e-04 4.05342638e-04
 4.52135486e-04 4.98986861e-04 3.40510742e-04 2.84531474e-04
 2.72693374e-04 2.04744050e-04 1.55758447e-04 1.79993571e-04
 1.63462988e-04 1.32568181e-04 1.15092655e-04 1.20030527e-04
 1.25582941e-04 1.21801888e-04 1.17450007e-04 1.28645261e-04
 1.34704736e-04 1.34012414e-04 1.33070265e-04 1.01038531e-04
 6.96612551e-05 4.38167954e-05 2.67099022e-05 2.57176634e-05
 3.35028417e-05 4.96522371e-05 1.17639582e-04 1.01138830e-04
 6.96127099e-05 6.37051417e-05 6.04724555e-05 5.51033772e-05
 4.99654197e-05 4.03947633e-05 3.27983580e-05 2.91219731e-05
 2.51999827e-05 2.42895803e-05 2.96694216e-05 3.36159355e-05
 3.61865496e-05 3.24569919e-05 3.03555644e-05 2.63338025e-05
 2.49327240e-05 2.28387653e-05 2.02559877e-05 1.64118683e-05
 9.72355519e-06 5.42468206e-06 3.17728768e-06 1.30884928e-06
 3.27638958e-07 4.83303069e-08 3.51252849e-09 6.65919819e-11
 6.88119646e-13 4.27362220e-13 3.94716079e-13 3.68865745e-13
 3.47878004e-13 3.32389200e-13 3.20959025e-13 3.15789170e-13
 3.05885417e-13 2.98093066e-13 2.90912097e-13 2.83546759e-13]","[0.5539731  0.5191268  0.52698016 0.60304135 0.69697034 0.70318186
 0.63907766 0.5811908  0.54104936 0.5265023  0.54139084 0.5676508 ]",1
13,322,"[-5.02228699e+02  9.50985947e+01  2.37261047e+01  2.64517136e+01
  1.55797529e+01  4.54768944e+00 -1.85953522e+00  1.09913826e-01
  1.00114071e+00 -3.35494208e+00 -2.15822875e-01 -3.10623974e-01
 -8.54989052e-01 -3.72121215e+00 -2.30665517e+00  2.04423022e+00
 -3.27618361e+00 -3.19827056e+00  1.91925824e+00 -1.07995975e+00
 -2.99685907e+00 -2.11802274e-01 -3.38749528e-01 -8.35006535e-01
 -5.92933357e-01  4.60619688e-01  3.04897636e-01 -1.38310468e+00
  2.49203950e-01 -3.97536039e-01 -1.23371816e+00 -6.86716497e-01
 -1.80012035e+00 -7.67252684e-01 -1.45653653e+00 -1.95709705e+00
 -7.27534235e-01 -1.76630414e+00 -1.54859781e+00 -9.36038494e-01]","[1.12867534e-01 5.95342815e-02 3.99245434e-02 2.00871393e-01
 3.17288756e-01 1.29296258e-01 4.64703515e-02 9.99646708e-02
 1.86285540e-01 1.69844255e-01 1.20530203e-01 8.41843262e-02
 6.37727678e-02 5.29920124e-02 5.72736561e-02 6.38266727e-02
 7.25201070e-02 6.77791983e-02 5.41985705e-02 4.93281074e-02
 4.44559716e-02 4.14655320e-02 3.54739949e-02 2.97046043e-02
 3.16895396e-02 3.21476832e-02 2.64211781e-02 1.83119550e-02
 1.50647778e-02 1.39360875e-02 9.99125373e-03 7.91235641e-03
 7.83449411e-03 5.92962373e-03 6.52508531e-03 5.95837412e-03
 4.34200838e-03 3.93287325e-03 3.26398667e-03 2.89796037e-03
 2.75350967e-03 2.46054656e-03 2.60128779e-03 2.80737714e-03
 2.68620206e-03 2.33761547e-03 2.28433474e-03 2.40298617e-03
 1.92653493e-03 1.79475383e-03 1.83853693e-03 1.72606658e-03
 1.44358852e-03 1.31416623e-03 1.26690790e-03 1.15639309e-03
 1.04420248e-03 1.04954455e-03 9.64897918e-04 9.09037364e-04
 7.82691000e-04 6.79856748e-04 5.87689341e-04 6.34594820e-04
 6.07029186e-04 5.41645684e-04 5.63861802e-04 5.85602364e-04
 5.59456297e-04 5.42338123e-04 5.51630568e-04 4.53710847e-04
 3.83577368e-04 3.12124088e-04 2.79163447e-04 2.07302888e-04
 1.85104625e-04 1.57892398e-04 1.48076928e-04 1.71340027e-04
 1.52672030e-04 1.85111378e-04 1.88883641e-04 1.97179557e-04
 2.21376817e-04 2.29478537e-04 2.24412055e-04 1.62517579e-04
 1.42577905e-04 1.46983308e-04 1.64756188e-04 1.84668897e-04
 1.70890184e-04 1.53713219e-04 1.24263912e-04 1.02608021e-04
 8.25128300e-05 8.35644023e-05 9.10319068e-05 8.99139413e-05
 8.13106235e-05 8.26630567e-05 7.78864123e-05 6.09282652e-05
 6.34038952e-05 1.10184999e-04 8.93479737e-05 4.97698675e-05
 2.69165175e-05 1.75390760e-05 7.74588898e-06 2.87111561e-06
 9.38344613e-07 1.11406194e-07 8.26988966e-09 1.58112634e-10
 7.48751972e-13 1.81526750e-13 1.72014814e-13 1.57596158e-13
 1.49504744e-13 1.49344363e-13 1.54720000e-13 1.68694946e-13
 1.80181702e-13 1.69315056e-13 1.47409510e-13 1.33533321e-13]","[0.6514015  0.65800977 0.64206785 0.63474077 0.6129288  0.5815959
 0.57043904 0.58229584 0.6104744  0.656766   0.68063354 0.6664934 ]",0
14,324,"[-5.02365814e+02  1.06473885e+02  1.61352062e+01  2.76787453e+01
  1.22728643e+01  1.39557257e+01 -7.67333627e-01  4.75508785e+00
  7.99960732e-01 -1.70415986e+00  8.21819496e+00 -9.13109124e-01
  6.34226084e+00  2.19879103e+00  2.01674485e+00  3.71302938e+00
 -9.26529169e-01  1.82789385e+00 -9.94282722e-01  3.06723863e-01
 -1.15765166e+00 -3.45262587e-02 -8.01117718e-01 -1.33257937e+00
  1.00260139e+00 -1.78795397e+00  1.26904286e-02 -3.48578781e-01
  9.37793255e-01  6.65349944e-05 -8.34089279e-01  1.88730204e+00
 -1.04144871e+00 -4.34180945e-01 -7.67851248e-02 -5.79799712e-01
  1.90169737e-02 -3.82393599e-01  2.42922932e-01 -3.70780915e-01]","[1.17620200e-01 5.34984991e-02 2.24018440e-01 2.70567685e-01
 9.86329988e-02 8.59897584e-02 1.59026965e-01 1.33161947e-01
 7.27048665e-02 5.74543774e-02 4.15066034e-02 2.87258457e-02
 2.89419331e-02 3.37917767e-02 4.16937582e-02 4.17820215e-02
 4.67370227e-02 4.80880737e-02 4.50428165e-02 4.82033715e-02
 4.04116288e-02 3.40856649e-02 2.99676862e-02 2.76094303e-02
 2.55316403e-02 1.98457297e-02 1.73645802e-02 2.00275015e-02
 1.87745783e-02 1.17969317e-02 1.27425957e-02 1.12789441e-02
 1.16243316e-02 8.20191205e-03 6.04122085e-03 5.12312539e-03
 4.31333762e-03 3.84421134e-03 3.75687447e-03 4.52970713e-03
 4.15275572e-03 4.29450767e-03 4.45554266e-03 3.78444954e-03
 3.01567768e-03 3.01065319e-03 3.83290043e-03 3.28616262e-03
 2.90488196e-03 3.40188015e-03 3.48743913e-03 2.46182457e-03
 2.45539239e-03 2.69209803e-03 3.36481794e-03 4.39592218e-03
 3.93543439e-03 3.16809001e-03 3.15576605e-03 2.59422092e-03
 2.12603668e-03 2.37685302e-03 1.46387867e-03 1.03216502e-03
 8.70277348e-04 7.20945187e-04 6.51027891e-04 5.51761594e-04
 5.18849993e-04 5.25316224e-04 6.08185888e-04 7.59211660e-04
 8.75342987e-04 9.72644542e-04 9.55485157e-04 7.96326261e-04
 6.46451372e-04 4.04069520e-04 3.35107063e-04 2.68835516e-04
 2.55341758e-04 2.57021864e-04 2.72794452e-04 2.87254195e-04
 2.85816379e-04 2.40090900e-04 1.53375993e-04 1.27485429e-04
 1.27664753e-04 1.08756212e-04 9.50656395e-05 8.85473710e-05
 8.88854120e-05 8.20408386e-05 8.08227342e-05 8.83310277e-05
 1.07473279e-04 1.13755596e-04 1.18745622e-04 1.12512549e-04
 1.12564594e-04 1.26750005e-04 1.24996863e-04 1.25262275e-04
 1.14885814e-04 9.68213499e-05 8.98934668e-05 7.16994837e-05
 3.88943154e-05 1.61777953e-05 7.70704446e-06 3.09363736e-06
 8.46141461e-07 1.08894014e-07 6.09690876e-09 1.37903550e-10
 2.41753111e-11 2.19578331e-11 2.04644322e-11 1.92733746e-11
 1.82747168e-11 1.74792264e-11 1.68209405e-11 1.62806331e-11
 1.58859783e-11 1.55182932e-11 1.52723528e-11 1.51165434e-11]","[0.6630565  0.6593557  0.6546709  0.6807146  0.7139148  0.7349178
 0.7277201  0.72282    0.70091444 0.67816234 0.6624741  0.6606587 ]",0
15,325,"[-4.8383072e+02  1.0093042e+02  6.4431267e+00  1.5460308e+01
  5.0000515e+00 -5.6055713e-01 -8.2254524e+00 -1.2669325e+00
 -3.8333073e+00 -2.9311318e+00  1.9163996e+00 -3.5114148e+00
 -3.0407715e-01 -1.5167013e+00  2.6136501e+00 -2.2747099e+00
 -2.5040126e+00  2.2931457e+00 -2.6858704e+00 -1.7475638e+00
 -1.7218850e+00 -1.6333909e+00 -3.1314819e+00 -3.1014338e-01
 -7.0722353e-01 -2.8536160e+00  5.7943451e-01 -1.5723655e+00
 -7.1666592e-01 -2.6897568e-01 -1.3273335e-02  8.1542361e-01
  4.7933435e-01  2.6515954e+00  3.0440238e+00  4.6866140e+00
  7.0409846e+00  9.4981623e+00  1.1419882e+01  1.1666553e+01]","[2.04034328e-01 8.76642987e-02 3.65281180e-02 1.90257542e-02
 1.43845072e-02 1.22881785e-01 3.17141861e-01 1.53940797e-01
 6.12067170e-02 3.55677195e-02 1.78522412e-02 2.24412549e-02
 1.13111183e-01 1.80654377e-01 1.35003164e-01 7.55893141e-02
 5.39229475e-02 4.47749086e-02 5.67013547e-02 8.64500105e-02
 8.74140337e-02 7.28944093e-02 4.34659943e-02 2.87476964e-02
 3.27702388e-02 5.11853434e-02 7.04058856e-02 6.27070665e-02
 4.15874012e-02 3.26982997e-02 2.21550129e-02 2.42541693e-02
 2.89342925e-02 2.17293818e-02 1.65417958e-02 9.06192046e-03
 6.58240961e-03 6.10938109e-03 6.86033349e-03 7.75312679e-03
 5.92677668e-03 4.46370011e-03 4.12818696e-03 4.85435128e-03
 4.31088172e-03 4.96515492e-03 5.96187823e-03 5.16737066e-03
 3.57195758e-03 3.73632484e-03 3.94862378e-03 4.08678921e-03
 3.62363784e-03 3.72508354e-03 4.07430204e-03 2.82850000e-03
 2.87920586e-03 3.49813374e-03 2.76074535e-03 2.11567408e-03
 1.78869104e-03 1.36955443e-03 1.34314969e-03 1.05611829e-03
 7.46509468e-04 6.80425146e-04 5.68606949e-04 4.75671724e-04
 4.76279907e-04 4.23173682e-04 4.35593218e-04 4.87296842e-04
 5.10760874e-04 5.90775744e-04 5.63080888e-04 5.39510394e-04
 5.04541385e-04 4.13607748e-04 3.14051547e-04 1.94800203e-04
 1.19247292e-04 9.61850965e-05 9.08904549e-05 9.10676899e-05
 9.92159912e-05 1.09738197e-04 1.25613529e-04 1.27983920e-04
 1.38536896e-04 1.42548903e-04 1.37732772e-04 1.23819380e-04
 1.11645139e-04 1.02183360e-04 9.44227140e-05 9.02365791e-05
 9.52048722e-05 1.25520863e-04 1.43204466e-04 1.64193902e-04
 1.69651132e-04 1.65714664e-04 1.43870871e-04 1.35373848e-04
 1.28754516e-04 1.47152954e-04 1.86169156e-04 1.79465103e-04
 1.37987387e-04 9.28979207e-05 5.07228979e-05 1.76529684e-05
 3.79179187e-06 4.30305874e-07 2.26707311e-08 3.89882210e-10
 1.20636107e-12 9.43247216e-14 8.89059402e-14 8.43771193e-14
 8.42079837e-14 9.50998381e-14 9.79626943e-14 1.06241337e-13
 1.23249514e-13 9.38891705e-14 8.47179111e-14 7.38261923e-14]","[0.4817138  0.460184   0.43333423 0.45894328 0.57297325 0.6995108
 0.675376   0.5836307  0.5264663  0.4752513  0.43346515 0.4571309 ]",1
16,326,"[-5.1921704e+02  1.0567656e+02  1.4243924e+01  2.5690847e+01
  1.1450654e+01  7.9103642e+00  2.4360447e+00  3.3533018e+00
  2.0184669e+00  1.8359313e+00  2.3364196e+00  1.0629748e+00
  4.9078550e+00 -2.6428661e+00  3.0622115e+00  2.9486880e+00
 -2.2453952e+00  4.8510876e-01 -1.1356509e+00 -1.9059750e-01
 -2.0692978e+00  5.3755872e-02  8.8473624e-01  1.3289422e-01
  7.9126859e-01 -2.4655306e-01  1.3124812e+00  2.5616220e-01
  8.9678310e-02  4.7449407e-01  3.6559916e-01  5.2560079e-01
 -1.2926956e-01 -7.3863571e-03 -8.0707394e-02 -5.4047692e-01
 -6.7756635e-01  4.4047972e-03 -1.2148919e-02 -2.3605269e-01]","[1.39712587e-01 5.51275648e-02 7.75826573e-02 2.70996928e-01
 1.85104936e-01 6.33612052e-02 1.36740729e-01 2.53598183e-01
 2.01948345e-01 1.17419749e-01 6.74096644e-02 5.41061610e-02
 5.35580777e-02 5.43689728e-02 6.87384978e-02 6.47945479e-02
 6.34923428e-02 6.65193126e-02 6.14638068e-02 6.88389838e-02
 7.36982599e-02 6.48422018e-02 5.82649447e-02 5.62734455e-02
 5.60703687e-02 5.50200678e-02 4.63594571e-02 3.49420905e-02
 2.80880388e-02 2.27991473e-02 1.29653271e-02 8.35337862e-03
 7.51880044e-03 6.73246849e-03 6.55278051e-03 5.05891582e-03
 4.19744942e-03 4.27501230e-03 4.69847349e-03 6.34125434e-03
 7.17822835e-03 6.68216450e-03 4.72307857e-03 4.37966175e-03
 7.12080067e-03 8.39925371e-03 8.68522190e-03 6.36378815e-03
 5.74910780e-03 4.62974841e-03 4.03267704e-03 4.66159312e-03
 4.55214316e-03 4.04584454e-03 3.30829620e-03 2.49882694e-03
 2.03305483e-03 1.69637077e-03 1.16950984e-03 1.20716647e-03
 1.22966035e-03 1.05224061e-03 7.97119283e-04 5.95265708e-04
 5.48459648e-04 5.63012785e-04 5.51652687e-04 6.49504887e-04
 7.04243430e-04 6.37543853e-04 5.30193967e-04 4.80738498e-04
 4.25503909e-04 3.92183894e-04 3.53352370e-04 3.05511669e-04
 1.73272856e-04 1.76419679e-04 1.35579554e-04 1.25068444e-04
 1.43208017e-04 1.54751964e-04 1.64969824e-04 1.88557504e-04
 1.94334410e-04 1.98201626e-04 1.96153109e-04 2.09689795e-04
 2.34368243e-04 1.49359359e-04 1.27059873e-04 1.22929749e-04
 1.11378235e-04 9.11930765e-05 8.19610359e-05 7.45865400e-05
 6.55680778e-05 6.43856984e-05 5.90276468e-05 4.77501417e-05
 5.28538658e-05 5.37401829e-05 5.71964047e-05 6.48223213e-05
 6.74935945e-05 6.06253707e-05 5.39389439e-05 4.15758004e-05
 3.17927079e-05 1.79843901e-05 1.06482585e-05 4.60558658e-06
 9.98337327e-07 1.15786648e-07 6.21890806e-09 1.21983215e-10
 2.66038407e-12 2.00671402e-12 1.86511071e-12 1.74576326e-12
 1.65052780e-12 1.58533679e-12 1.53137106e-12 1.49073928e-12
 1.47602275e-12 1.42648230e-12 1.38596469e-12 1.36328709e-12]","[0.632831   0.6562761  0.6605391  0.6625292  0.6557184  0.655796
 0.66464484 0.68454343 0.69770104 0.6983748  0.67295    0.64807254]",0
17,327,"[-5.2634369e+02  1.1176867e+02 -7.8671675e+00  2.2755428e+01
 -1.1515253e+00 -4.3655934e+00  8.7445372e-01 -4.9787207e+00
 -2.5233870e+00  3.8211055e+00 -1.3497263e+00 -2.4782238e+00
  5.8077269e+00 -1.5643518e+00  6.3882232e-01 -3.2674807e-01
 -7.1259379e-01  1.3406742e+00 -2.0050957e+00  6.2137288e-01
 -9.9196327e-01  1.5555957e-01  7.0406020e-02 -5.0610900e-01
 -3.1978774e-01  7.0924990e-02  9.5700252e-01 -1.0799321e+00
  1.3860164e+00  7.3812687e-01  7.0722282e-01  2.8065186e+00
  2.7292869e+00  4.7303171e+00  6.5015206e+00  7.4308181e+00
  7.4763980e+00  7.9456067e+00  7.2452445e+00  5.6886864e+00]","[5.13052009e-02 1.02247102e-02 3.76222539e-03 2.32962007e-03
 2.15282501e-03 2.45558172e-02 1.12150334e-01 1.14022680e-01
 6.40216917e-02 3.03313173e-02 1.28952283e-02 1.13003561e-02
 3.21359411e-02 6.90629408e-02 9.58554745e-02 9.25055742e-02
 6.26236498e-02 5.85601106e-02 3.80620733e-02 4.04568091e-02
 6.21414371e-02 6.71379417e-02 6.82859421e-02 6.11217245e-02
 3.83027270e-02 3.52483243e-02 5.00211716e-02 6.71161339e-02
 6.76070601e-02 7.02264309e-02 4.74539176e-02 3.73297706e-02
 2.60336120e-02 1.85585693e-02 1.55724837e-02 1.01224594e-02
 8.51561222e-03 7.65994750e-03 7.00855581e-03 9.33449436e-03
 9.13879555e-03 7.87317846e-03 6.79270411e-03 6.33897260e-03
 5.78961056e-03 6.16390910e-03 8.10521934e-03 1.19199315e-02
 8.98814201e-03 6.66230498e-03 5.29397931e-03 5.13040274e-03
 5.60039980e-03 4.07852605e-03 3.76036298e-03 3.33561073e-03
 3.10640293e-03 4.05031117e-03 3.52444337e-03 3.49321123e-03
 3.13859736e-03 2.89974199e-03 2.70958850e-03 2.42275232e-03
 1.85793720e-03 1.64867076e-03 1.33541203e-03 1.15427945e-03
 1.04534614e-03 8.63978756e-04 6.18028513e-04 5.71840967e-04
 5.67556242e-04 5.07686229e-04 5.24124131e-04 4.81402560e-04
 5.16993110e-04 5.40813780e-04 5.71096549e-04 6.51386101e-04
 6.55749987e-04 6.93559181e-04 7.00908015e-04 6.00479601e-04
 5.09164471e-04 3.64137435e-04 3.08555900e-04 2.00697206e-04
 1.75899520e-04 1.48369450e-04 1.33470006e-04 1.09583634e-04
 8.78707215e-05 6.33049203e-05 4.25781436e-05 3.21752887e-05
 2.73769674e-05 2.60759498e-05 2.90635871e-05 3.35940676e-05
 4.02227124e-05 4.97182409e-05 5.78514300e-05 5.66005801e-05
 5.75040067e-05 5.86316819e-05 5.70316406e-05 5.46932897e-05
 3.66717541e-05 1.85433764e-05 9.47680383e-06 3.97983240e-06
 1.02427168e-06 1.18875299e-07 6.57334365e-09 1.42255888e-10
 3.28217098e-12 2.60022125e-12 2.40499743e-12 2.25164071e-12
 2.12983537e-12 2.05345246e-12 1.96716493e-12 1.89131198e-12
 1.83087161e-12 1.78984290e-12 1.76098025e-12 1.73752093e-12]","[0.50013274 0.50140756 0.48080364 0.4846207  0.521176   0.58944666
 0.63451004 0.63595194 0.5841579  0.5254052  0.4927145  0.48457018]",0
18,328,"[-4.28467224e+02  1.01245651e+02 -2.69890070e+00  2.71935787e+01
  1.25631847e+01 -5.14871597e+00 -6.15137243e+00 -2.74421287e+00
 -1.18527975e+01 -4.14479399e+00  3.42270541e+00 -7.57876968e+00
  3.97831821e+00  2.62771940e+00 -2.27629209e+00  3.10789847e+00
 -1.65241092e-01 -5.90602756e-01  2.60725379e+00  3.44224274e-01
 -3.18294191e+00  1.41420484e+00  4.33514446e-01 -2.49132109e+00
  1.28644490e+00  3.63697618e-01 -2.67433143e+00 -5.88677347e-01
  4.10608292e-01 -1.44049454e+00 -5.14891922e-01 -9.72526371e-01
 -1.12298381e+00 -6.10299647e-01 -1.13628471e+00 -4.84633714e-01
 -6.01456642e-01 -4.48435515e-01 -7.83151686e-01 -7.80736685e-01]","[1.1875640e-01 6.2652521e-02 2.7022323e-02 6.3070513e-02 1.9137135e-01
 1.6469812e-01 1.0146359e-01 8.2629517e-02 1.5560029e-01 2.6223680e-01
 2.6558477e-01 2.4338140e-01 2.5894609e-01 3.1717086e-01 4.9476522e-01
 6.0121298e-01 4.8337033e-01 4.4132876e-01 3.8943025e-01 4.5102784e-01
 4.2335364e-01 4.0162569e-01 3.8551533e-01 2.9420570e-01 2.2900058e-01
 2.1952350e-01 1.9927642e-01 1.5543489e-01 9.5007293e-02 7.0501909e-02
 4.6638858e-02 3.3493873e-02 3.2278933e-02 3.5480343e-02 3.5630062e-02
 2.7828358e-02 2.4199398e-02 2.3760881e-02 2.1031231e-02 2.3954468e-02
 2.6396662e-02 2.5673751e-02 2.2136265e-02 2.5066715e-02 2.7484616e-02
 2.3619154e-02 2.5535762e-02 2.1848351e-02 2.0403257e-02 1.8813174e-02
 1.9297272e-02 1.7622724e-02 1.8192912e-02 1.5142380e-02 1.5027005e-02
 1.5233054e-02 1.4071040e-02 1.2571504e-02 1.3471172e-02 1.2863680e-02
 1.2015124e-02 1.0825436e-02 9.7433068e-03 9.1684414e-03 7.3030894e-03
 5.7253768e-03 5.4013422e-03 4.5611728e-03 4.8189787e-03 5.2356455e-03
 5.8240877e-03 6.6134324e-03 7.1581407e-03 7.0073190e-03 6.2607420e-03
 4.9051610e-03 3.4466726e-03 3.0605884e-03 3.1142174e-03 3.4509308e-03
 4.6784198e-03 5.6054448e-03 6.4421771e-03 5.9313364e-03 4.7625825e-03
 3.0922899e-03 1.6859306e-03 7.7928853e-04 3.6183404e-04 2.9680197e-04
 3.3980858e-04 4.0278691e-04 4.1953567e-04 4.3125323e-04 5.4542074e-04
 7.0717646e-04 8.8616443e-04 8.6472341e-04 7.5649220e-04 6.1106682e-04
 5.0167873e-04 4.3115753e-04 3.7960176e-04 3.4234472e-04 2.9401784e-04
 2.1470369e-04 1.7232948e-04 1.8004909e-04 1.8549220e-04 1.4283045e-04
 8.4160783e-05 3.2973050e-05 8.4343555e-06 1.2533760e-06 7.5139319e-08
 1.3419815e-09 4.3013197e-12 3.5522074e-13 3.8805691e-13 3.4526123e-13
 3.1702703e-13 3.9482564e-13 4.5950017e-13 3.9016354e-13 2.4939106e-13
 3.0306107e-13 3.2994441e-13 2.9262595e-13]","[0.57955265 0.57873785 0.5823961  0.5857522  0.5706817  0.55957764
 0.56445545 0.5894696  0.6186841  0.61724406 0.59009755 0.58031625]",0
19,330,"[-5.0919690e+02  1.1569689e+02  2.4135771e+00  2.4419603e+01
  7.3597226e+00  3.4733121e+00  5.8199072e+00 -3.1327126e+00
 -1.5915654e+00  5.4703193e+00  3.7729921e+00 -2.5592103e+00
  1.5580391e+00  2.8757665e+00  1.4506038e+00 -8.9954221e-01
  1.7911390e+00  7.3419666e-01 -1.6635770e+00  1.9527402e+00
 -1.8166119e-01  5.3786755e-01 -3.9995229e-01 -1.0769064e+00
  1.2804338e+00 -2.3452551e+00 -3.8287926e+00 -9.1169029e-01
 -1.6987109e+00 -3.5234287e+00 -6.2733114e-01 -9.2245626e-01
 -1.7914622e+00 -8.3643198e-02 -6.1880535e-01 -3.3560258e-01
  2.7984479e-01 -3.2648794e-02 -1.0840017e-01  6.1609477e-01]","[2.09081396e-02 1.27481306e-02 7.29863793e-02 9.85268727e-02
 8.13443959e-02 9.49628949e-02 1.11080863e-01 6.47942945e-02
 4.02150564e-02 5.52734807e-02 5.03533147e-02 5.88881709e-02
 5.95173873e-02 6.93922266e-02 7.98513591e-02 6.96587190e-02
 6.35238513e-02 7.13712573e-02 8.78102556e-02 1.08714268e-01
 9.18080509e-02 7.83027634e-02 1.18858583e-01 1.99268088e-01
 1.99288234e-01 8.08241591e-02 8.75696242e-02 9.09575671e-02
 6.76387772e-02 5.03202640e-02 2.91798934e-02 2.40517296e-02
 2.84719728e-02 2.55698226e-02 2.27421038e-02 1.61567535e-02
 1.31772095e-02 1.32083260e-02 1.30596887e-02 1.21379383e-02
 1.04006454e-02 1.38109783e-02 1.97291374e-02 1.71632487e-02
 1.24056311e-02 1.39729222e-02 2.11655200e-02 2.34855413e-02
 2.10223775e-02 2.19660625e-02 2.41707917e-02 2.21452694e-02
 1.09581612e-02 6.68748049e-03 6.45548431e-03 6.66959491e-03
 7.04228925e-03 4.65377234e-03 5.29351644e-03 4.57894895e-03
 3.36656393e-03 2.55530700e-03 1.87020737e-03 2.05467292e-03
 1.28219766e-03 1.04516721e-03 8.92472162e-04 7.83955620e-04
 8.77600047e-04 8.67606141e-04 8.54531361e-04 1.02869316e-03
 1.09060295e-03 1.65270828e-03 2.06831191e-03 2.29888828e-03
 2.06422294e-03 1.45239849e-03 1.02503016e-03 8.26442905e-04
 7.35142559e-04 8.08328681e-04 9.26795939e-04 1.17339543e-03
 1.16047973e-03 8.88421142e-04 4.61273652e-04 2.85012240e-04
 2.30045567e-04 2.43038070e-04 2.32995037e-04 1.89816812e-04
 1.65891222e-04 1.41341909e-04 1.25598512e-04 9.95778246e-05
 9.76910305e-05 1.00250727e-04 9.04961271e-05 9.57056036e-05
 1.07407795e-04 9.34763739e-05 7.80258342e-05 6.84219922e-05
 5.36924344e-05 5.36536354e-05 4.43874633e-05 3.04542191e-05
 2.24390424e-05 1.67608723e-05 8.58669137e-06 3.58795160e-06
 8.69827090e-07 9.62512630e-08 6.50789334e-09 2.05458955e-10
 2.22213810e-11 1.95468173e-11 1.78557516e-11 1.65522110e-11
 1.54734732e-11 1.46397824e-11 1.39650652e-11 1.33859581e-11
 1.29353594e-11 1.26029916e-11 1.23870133e-11 1.22362424e-11]","[0.61527115 0.63777125 0.66260725 0.70933354 0.7439344  0.7634254
 0.74987537 0.73649997 0.7115711  0.66821384 0.6239411  0.6145363 ]",1
20,333,"[-4.92133850e+02  1.26751976e+02  2.98963141e+00  2.01253433e+01
  3.95032454e+00  8.64656031e-01  1.29157758e+00  1.22776282e+00
 -2.20026684e+00 -1.98683453e+00  2.92287469e+00 -6.50734782e-01
  1.47871971e+00 -2.74785972e+00  1.32755554e+00  1.90249884e+00
 -2.01775932e+00  3.30730796e-01  2.28059236e-02  7.91888535e-01
 -2.08349800e+00  8.05898905e-01  1.12664139e+00 -1.16396809e+00
  1.28847563e+00 -6.64201975e-01 -7.02403545e-01  1.08667254e-01
 -6.16598189e-01 -5.10971129e-01  6.05227239e-02 -6.88631177e-01
 -8.48399639e-01 -4.74565774e-01 -1.40878356e+00 -2.33917922e-01
 -4.63797837e-01 -9.44973767e-01  3.11226398e-01 -3.84501189e-01]","[6.8697825e-02 3.5873726e-02 4.5701049e-02 1.7229988e-01 1.1033963e-01
 3.7434354e-02 5.0304703e-02 1.3276061e-01 1.1080848e-01 6.7136712e-02
 5.8258228e-02 8.7235682e-02 9.2451476e-02 6.5817460e-02 7.1975052e-02
 8.6720631e-02 9.8428436e-02 9.0154290e-02 9.7004920e-02 1.1580029e-01
 1.0081794e-01 1.0458776e-01 1.0076751e-01 8.9046955e-02 8.7739758e-02
 8.6199008e-02 8.0628648e-02 7.9672143e-02 5.6389801e-02 4.8698954e-02
 3.7322924e-02 3.2249898e-02 3.0604905e-02 2.3849925e-02 2.6191115e-02
 2.5004841e-02 2.1703534e-02 1.8600767e-02 1.8837254e-02 2.0553229e-02
 2.0404175e-02 1.8136067e-02 1.4778142e-02 1.4848547e-02 1.3563919e-02
 1.1305900e-02 9.6579287e-03 8.6414041e-03 7.9111429e-03 6.3409284e-03
 5.9303194e-03 5.5458304e-03 4.7486699e-03 4.3312158e-03 3.7490095e-03
 3.4633372e-03 3.3298384e-03 2.6841110e-03 2.2525799e-03 2.3456591e-03
 1.7355316e-03 1.4045306e-03 1.3042744e-03 1.0455318e-03 8.9767692e-04
 9.7470835e-04 9.4075088e-04 1.0229698e-03 1.0763215e-03 1.1560632e-03
 1.2656341e-03 1.2561129e-03 1.1298542e-03 8.6553243e-04 6.2817009e-04
 4.6271662e-04 3.6329663e-04 2.9312685e-04 2.6119204e-04 2.4829473e-04
 2.4598491e-04 2.4779979e-04 2.4988939e-04 2.4831126e-04 2.2574277e-04
 2.0617801e-04 1.7395236e-04 1.4080777e-04 1.1008836e-04 9.9127494e-05
 1.1346392e-04 1.2458855e-04 1.1647040e-04 1.1669707e-04 1.1422888e-04
 9.4703049e-05 6.5283079e-05 5.3529140e-05 7.7946941e-05 9.6917836e-05
 1.0048068e-04 8.5232656e-05 7.4671276e-05 7.3564115e-05 6.9584152e-05
 6.1094077e-05 5.2928623e-05 4.2100513e-05 3.0064684e-05 1.7329909e-05
 8.1851995e-06 2.7024473e-06 6.8499156e-07 1.0451145e-07 7.5301054e-09
 1.6529625e-10 1.1993672e-12 5.6226226e-13 5.3864595e-13 4.9758700e-13
 4.7560214e-13 4.7252675e-13 4.6198256e-13 4.5072347e-13 4.3830299e-13
 4.3068568e-13 4.2443365e-13 4.1318931e-13]","[0.6663112  0.6845158  0.7011448  0.71527606 0.71214557 0.7044345
 0.7050183  0.72830987 0.7305205  0.7142878  0.68145794 0.66474676]",0
21,336,"[-5.2868060e+02  1.0488406e+02  1.3378429e+01  2.9941927e+01
  1.7391802e+01 -2.5403404e+00  3.7540784e+00  2.6229546e+00
 -1.0317395e+01 -9.8026234e-01  8.0475512e+00 -2.6872225e+00
  3.7926540e-01  2.9536479e+00  3.1209713e-01  1.6217782e+00
  5.1873404e-01 -6.1055398e-01  2.1660870e-01  3.7112710e-01
 -2.3984361e+00 -1.3328268e-01 -1.9278711e-01 -2.9756970e+00
 -1.6058938e-01 -1.6692832e-01 -1.7070053e+00 -6.9319075e-01
  7.2522366e-01 -5.4401994e-01 -9.4717354e-01  3.3291119e-01
 -1.1250945e+00 -1.4725478e+00 -1.4390974e+00 -1.5450046e+00
 -1.3658869e+00 -1.7585660e+00 -1.2360672e+00 -1.5797000e+00]","[3.81456800e-02 2.37009004e-02 9.41683874e-02 1.80250630e-01
 1.22386709e-01 7.36098513e-02 8.13132823e-02 7.72121772e-02
 6.50636181e-02 6.53169528e-02 6.63921684e-02 6.23217151e-02
 7.45849460e-02 1.12014942e-01 1.03649691e-01 9.30928811e-02
 1.44952789e-01 1.31800711e-01 1.25300229e-01 1.42119125e-01
 1.05410874e-01 1.10342927e-01 8.42679963e-02 8.02017823e-02
 8.34595412e-02 5.88063858e-02 4.06935103e-02 2.88567580e-02
 1.17158033e-02 8.12936854e-03 5.60920266e-03 3.70314647e-03
 3.60568566e-03 3.85214458e-03 3.35027603e-03 3.21892113e-03
 2.75015109e-03 2.84538977e-03 3.29986517e-03 3.86225525e-03
 4.13193833e-03 4.30938741e-03 6.34993613e-03 8.35481100e-03
 1.01640327e-02 7.69751566e-03 8.10932182e-03 6.90952968e-03
 6.40006037e-03 4.23816079e-03 2.82615889e-03 2.55017378e-03
 3.13931936e-03 1.81410718e-03 1.17316609e-03 1.20152102e-03
 9.87607520e-04 7.77048816e-04 6.00546424e-04 5.89277595e-04
 4.45421698e-04 3.79606092e-04 4.74211265e-04 3.16491409e-04
 3.16450925e-04 2.86888535e-04 2.89963180e-04 3.90535977e-04
 4.05950093e-04 5.81721135e-04 7.06218882e-04 9.22581472e-04
 1.33413344e-03 1.33551296e-03 1.54724484e-03 1.14134070e-03
 9.83897015e-04 7.68484024e-04 8.54868558e-04 8.71147902e-04
 9.23177227e-04 7.34357105e-04 5.46355266e-04 3.28533264e-04
 1.89162340e-04 1.17366901e-04 7.88698162e-05 6.17618643e-05
 4.59823459e-05 3.60263730e-05 3.51905946e-05 3.98386110e-05
 5.38779750e-05 7.96756940e-05 5.93675213e-05 6.00843268e-05
 4.86100944e-05 3.62464707e-05 3.09063325e-05 2.78605148e-05
 2.53497583e-05 2.21124919e-05 1.75461082e-05 1.43710367e-05
 1.18635289e-05 9.71809368e-06 8.28696102e-06 6.45644059e-06
 4.23046231e-06 2.34623280e-06 1.01490025e-06 3.45290601e-07
 8.13363243e-08 1.10307266e-08 7.11491477e-10 1.60997760e-11
 6.47022420e-13 5.49522559e-13 5.24750274e-13 4.99315758e-13
 4.70132993e-13 4.62316979e-13 4.51708278e-13 4.42027464e-13
 4.19405369e-13 4.12011029e-13 4.08603219e-13 3.90183925e-13]","[0.588357   0.59501415 0.59373516 0.614878   0.65718466 0.6695931
 0.6603289  0.65861565 0.6409153  0.61843157 0.6001685  0.5955145 ]",0
22,338,"[-4.1279776e+02  9.8494064e+01 -1.0346236e+01  1.5372916e+01
 -2.7897797e+00 -4.6518283e+00 -5.7118106e+00 -1.0469378e+01
  3.0192697e+00 -3.7236304e+00 -1.3766460e+00  3.7940764e+00
 -4.2021270e+00 -1.5308371e+00  2.7116091e+00 -2.5263221e+00
 -4.0029812e+00 -5.4320361e-02  2.9971188e-01 -3.3373322e+00
 -2.0557539e+00  2.5315943e-01 -3.4185350e+00 -1.3388574e+00
 -3.4005198e-01 -2.9389207e+00 -1.1662692e-01 -6.1036313e-01
 -5.8447325e-01  1.3335557e+00 -3.5233244e-01 -4.0462130e-01
  3.7280568e-01 -3.8794100e-01  3.0021641e-01  6.8193436e-01
 -6.7432616e-03  1.3071333e+00  1.8628142e+00  2.6604066e+00]","[2.23714426e-01 1.20490365e-01 6.60104454e-02 4.25132066e-02
 1.03914529e-01 3.35612088e-01 3.12005192e-01 1.88376606e-01
 1.21618576e-01 1.12722099e-01 1.56201288e-01 2.42417991e-01
 2.42691100e-01 2.16405183e-01 2.00405061e-01 1.63704723e-01
 2.36833319e-01 3.51275027e-01 3.62321466e-01 3.18425804e-01
 2.71618873e-01 3.12035948e-01 3.80529463e-01 3.93155158e-01
 4.44774806e-01 4.31376934e-01 3.96301031e-01 3.83936614e-01
 3.40981692e-01 3.22231054e-01 3.39980245e-01 2.32643992e-01
 2.07875028e-01 1.34300679e-01 1.22484490e-01 1.05049096e-01
 7.35051185e-02 6.42572865e-02 5.06726764e-02 4.63884920e-02
 4.83935699e-02 4.45180126e-02 4.89962250e-02 4.51279357e-02
 4.62042578e-02 4.68812101e-02 5.22858202e-02 4.76038940e-02
 4.16906923e-02 4.32108454e-02 3.94270644e-02 4.73342687e-02
 4.30854410e-02 3.56756672e-02 3.52114812e-02 3.66727524e-02
 3.44033055e-02 2.76705306e-02 2.69785449e-02 2.23725233e-02
 1.95301473e-02 1.86164360e-02 1.53644299e-02 1.34039344e-02
 1.15293711e-02 1.06369630e-02 9.67791863e-03 8.10786895e-03
 8.37658625e-03 7.86512811e-03 7.00840680e-03 7.35513400e-03
 6.92459056e-03 6.47329632e-03 5.44783054e-03 5.03131421e-03
 3.59388022e-03 2.89571751e-03 1.98873063e-03 1.23200938e-03
 8.31425947e-04 5.83774119e-04 5.04716882e-04 5.51370787e-04
 6.58813107e-04 9.31894116e-04 1.25170033e-03 1.71782135e-03
 1.95720582e-03 2.08573672e-03 1.73868879e-03 1.14795938e-03
 8.12328653e-04 7.78329559e-04 8.56860017e-04 9.05774010e-04
 8.56645231e-04 7.10014021e-04 5.05664619e-04 3.41923092e-04
 2.25311349e-04 1.78936913e-04 1.38071380e-04 9.29837406e-05
 6.81412857e-05 4.55021291e-05 3.11433869e-05 2.53608796e-05
 2.72541638e-05 2.13284493e-05 1.13476599e-05 4.11520477e-06
 9.42499639e-07 1.66842227e-07 1.31579450e-08 3.09997999e-10
 1.90843001e-12 7.38577006e-13 7.05588799e-13 6.03087729e-13
 5.42755348e-13 5.92424493e-13 5.41271292e-13 5.05564069e-13
 4.91656845e-13 4.79216981e-13 5.07523602e-13 5.10273139e-13]","[0.53244823 0.54153806 0.5968757  0.6399343  0.63847303 0.60657626
 0.5726343  0.54735935 0.53994983 0.5536591  0.578494   0.5726371 ]",1
23,339,"[-5.2084149e+02  1.3288988e+02  5.4489779e+00  2.7629673e+01
  4.1977410e+00  1.0019639e+01  7.9586444e+00 -1.7715120e+00
  5.1490378e+00 -2.0350033e-01  3.2694063e+00  4.4819579e+00
 -5.1041937e-01 -6.4046192e-01  1.2346367e+00  1.8782164e+00
  3.7512565e-01 -3.7047803e+00  1.8351080e+00  2.4349306e+00
 -3.5874236e+00  2.4949183e+00  1.0208639e+00 -1.8902819e+00
  1.2006345e+00  2.0302709e-02 -1.0920888e+00 -6.6886477e-02
  2.2195172e-01 -8.9603961e-01  3.7273350e-01 -7.3456711e-01
 -1.8143934e+00 -6.0277648e-02 -4.0427884e-01 -5.9559447e-01
  3.1767985e-01  2.7517915e-01 -2.5840607e-01  5.9582397e-02]","[5.99097610e-02 5.38557135e-02 1.69073567e-01 7.20796585e-02
 7.00179189e-02 1.55227721e-01 9.12269279e-02 5.66937253e-02
 5.52199557e-02 3.91231813e-02 3.43277194e-02 3.98121849e-02
 3.58736217e-02 3.35861184e-02 4.48099822e-02 4.52427492e-02
 4.56341691e-02 4.55021560e-02 4.37575392e-02 4.76138294e-02
 5.13568185e-02 5.92076704e-02 6.90228790e-02 6.27061501e-02
 6.32358715e-02 6.46625608e-02 6.58037066e-02 5.71685657e-02
 3.49105112e-02 2.58663297e-02 1.76306199e-02 1.01966485e-02
 1.03409560e-02 8.67788773e-03 7.35492073e-03 6.59679342e-03
 5.74748032e-03 5.76932682e-03 4.78624552e-03 5.28988056e-03
 5.90162165e-03 5.85694890e-03 5.28908940e-03 5.96556813e-03
 6.47689169e-03 6.79509342e-03 6.55956147e-03 5.66228293e-03
 5.29947691e-03 4.63079009e-03 3.88443191e-03 3.01347673e-03
 2.35045957e-03 2.01774877e-03 1.74013455e-03 1.43034209e-03
 1.19493017e-03 8.92065349e-04 8.12575512e-04 6.20201579e-04
 5.15552179e-04 4.58500144e-04 3.68090434e-04 2.96202954e-04
 2.77314713e-04 2.37743152e-04 2.33886924e-04 2.81449029e-04
 3.04019602e-04 3.38513404e-04 3.69209447e-04 3.63417057e-04
 3.07110226e-04 2.14033294e-04 1.53315399e-04 1.23981881e-04
 9.68151071e-05 6.91560926e-05 5.54885482e-05 6.28322814e-05
 8.18891422e-05 1.08151915e-04 1.43872181e-04 1.68853512e-04
 1.78134782e-04 1.54879919e-04 1.11875117e-04 7.21024117e-05
 5.80918022e-05 5.73915859e-05 6.61319718e-05 7.71817140e-05
 8.40988869e-05 7.49615865e-05 5.91773714e-05 5.65691153e-05
 5.38582317e-05 5.62670866e-05 4.84635784e-05 4.49883300e-05
 4.24954451e-05 3.64929001e-05 3.40623737e-05 2.93309640e-05
 1.81156302e-05 1.26830910e-05 1.22501615e-05 1.05165245e-05
 8.64781123e-06 6.22537527e-06 3.62087917e-06 1.78899290e-06
 5.75919387e-07 9.99848382e-08 6.10639672e-09 1.06604073e-10
 1.51721962e-12 1.18454769e-12 1.10342497e-12 1.03200250e-12
 9.76164570e-13 9.44626430e-13 9.11586995e-13 8.79918209e-13
 8.69169645e-13 8.36558091e-13 8.24700117e-13 8.13954861e-13]","[0.6533405  0.7112387  0.75333637 0.76836896 0.74237305 0.7177315
 0.68931174 0.66587013 0.65339285 0.65045726 0.6456515  0.6325913 ]",1
24,340,"[-4.82402008e+02  1.13511261e+02  9.92791653e+00  2.50880795e+01
  7.17812443e+00  9.56725788e+00 -1.67395830e+00 -4.20657158e+00
 -2.31808114e+00 -1.51378214e+00  4.36011744e+00  1.80561376e+00
  6.64101648e+00 -1.40211165e+00  1.77136052e+00  5.35517931e+00
 -1.02894163e+00  4.38891537e-02  8.80644381e-01  1.22329879e+00
 -3.95571256e+00  1.29317671e-01  1.63773036e+00 -3.13363266e+00
 -1.59994304e+00 -6.89093828e-01 -2.69277602e-01 -1.31143725e+00
  2.27807224e-01 -6.10358834e-01 -5.22783875e-01  1.13712974e-01
 -1.12290180e+00  7.51617908e-01 -1.50323260e+00 -1.14609587e+00
  3.47201437e-01 -6.77672744e-01 -3.00701261e-01 -8.72241080e-01]","[5.29781543e-02 4.15355004e-02 2.00076535e-01 1.15814269e-01
 4.95722406e-02 1.38919756e-01 1.38973907e-01 6.58806413e-02
 5.76708689e-02 7.60653466e-02 6.83437064e-02 7.37921521e-02
 7.65490830e-02 1.21502243e-01 1.57229081e-01 1.29446149e-01
 1.71302527e-01 2.11882904e-01 1.47583738e-01 1.69503525e-01
 1.44322649e-01 1.26940563e-01 1.23556167e-01 1.50294468e-01
 1.48193836e-01 1.02022827e-01 1.07621387e-01 9.33429003e-02
 4.50769030e-02 3.21979150e-02 2.35947035e-02 1.33112343e-02
 9.80320014e-03 8.18188582e-03 9.10120178e-03 7.29591958e-03
 6.46287436e-03 6.62976969e-03 7.21527031e-03 6.87590986e-03
 6.78347191e-03 8.44272878e-03 9.43006482e-03 1.03200153e-02
 1.30754896e-02 1.61600560e-02 1.54792527e-02 1.40157845e-02
 1.27748102e-02 9.93871596e-03 8.11828021e-03 7.01105641e-03
 7.03184679e-03 7.30725052e-03 6.18174672e-03 7.35592470e-03
 4.85518435e-03 3.92197585e-03 3.32304160e-03 2.93854042e-03
 2.69713998e-03 2.07485701e-03 1.95245550e-03 1.52131508e-03
 1.19515287e-03 1.00527168e-03 9.86676780e-04 1.05211930e-03
 1.25520758e-03 1.27233297e-03 1.26454327e-03 9.23284097e-04
 6.41657214e-04 3.84427432e-04 2.59757478e-04 1.72290966e-04
 1.27562322e-04 1.15881048e-04 1.24296508e-04 1.54479159e-04
 2.19826630e-04 3.16792983e-04 4.15998220e-04 5.14811778e-04
 6.08236354e-04 5.66473638e-04 4.71817038e-04 3.41897248e-04
 2.92910030e-04 2.59753608e-04 2.37296859e-04 2.37557892e-04
 2.19813039e-04 1.88325852e-04 1.74375513e-04 1.63237404e-04
 1.69229505e-04 1.57148053e-04 1.48683466e-04 1.41872864e-04
 1.32223067e-04 1.24496219e-04 1.27633961e-04 1.04333703e-04
 9.07653521e-05 8.57620398e-05 8.24785457e-05 7.53348359e-05
 5.52624151e-05 3.19882274e-05 1.56402511e-05 4.73532191e-06
 1.04571563e-06 1.05484794e-07 6.24082119e-09 1.26037819e-10
 1.29314799e-12 8.50977058e-13 7.97556574e-13 7.35116666e-13
 6.93178804e-13 6.87111121e-13 6.90085088e-13 6.65490395e-13
 6.36244638e-13 6.19479620e-13 6.20773832e-13 6.00585987e-13]","[0.6387185  0.6552993  0.6893767  0.71378374 0.6973843  0.6730515
 0.6521721  0.65001684 0.64273435 0.64570796 0.63931763 0.6368088 ]",0
25,341,"[-5.0035583e+02  1.1172313e+02  4.9890828e+00  2.1854435e+01
 -1.4841789e+00  9.0100737e+00 -1.2111998e+01  6.4737849e+00
  3.1346152e+00 -6.4141746e+00  5.0266790e+00 -6.2369146e+00
  1.7103506e+00  9.0271997e-01  3.2496789e+00 -1.9606357e+00
 -3.7231252e-01  2.0887394e+00 -3.2749336e+00  5.9731984e-01
 -1.4887214e+00  9.6733105e-01 -2.8852298e+00  1.1132110e+00
 -3.8334146e-01 -2.7501493e+00  2.4040453e+00 -1.8674884e+00
  2.4383650e+00  8.7970662e-01  5.9167057e-01  1.6300153e+00
 -6.2090322e-02  2.2015631e+00  9.8736393e-01  2.1435525e+00
  3.2120361e+00  4.1982479e+00  4.4160600e+00  5.4155707e+00]","[2.8109042e-02 1.2919708e-02 5.7762037e-03 3.3934538e-03 1.0040854e-02
 1.1448307e-01 2.0019363e-01 1.3833410e-01 8.4627382e-02 4.2237204e-02
 2.9742029e-02 5.5088270e-02 8.7798513e-02 8.1620894e-02 7.4135937e-02
 5.6117151e-02 4.9586829e-02 5.5082854e-02 6.6053838e-02 8.5747041e-02
 6.2801406e-02 5.2375663e-02 4.7748227e-02 4.8485648e-02 4.8487172e-02
 4.9665675e-02 4.5192026e-02 3.8071521e-02 3.7447769e-02 3.7503362e-02
 3.6346618e-02 3.2580860e-02 2.6628956e-02 2.2903085e-02 2.8028518e-02
 2.9154047e-02 1.9637402e-02 1.5011971e-02 1.0531704e-02 7.8893993e-03
 6.5615079e-03 5.3667221e-03 6.0413573e-03 4.7786492e-03 4.3703020e-03
 3.6664496e-03 3.9460580e-03 3.5048323e-03 3.1053214e-03 2.7676239e-03
 2.7710607e-03 2.6489994e-03 3.0329423e-03 3.0767231e-03 2.7111471e-03
 3.6657050e-03 3.3039676e-03 2.9564907e-03 2.4695031e-03 2.5520623e-03
 2.2579581e-03 2.1959732e-03 2.4420209e-03 2.2795799e-03 2.4177714e-03
 2.7889262e-03 2.9834572e-03 3.1666260e-03 2.2502588e-03 1.5642239e-03
 1.2478534e-03 1.1642588e-03 1.4460104e-03 1.2269504e-03 1.1571092e-03
 1.2589130e-03 1.4275301e-03 1.4276153e-03 1.0740407e-03 6.8516750e-04
 5.1257911e-04 3.9883360e-04 2.3091340e-04 1.6955704e-04 1.9900313e-04
 2.1310370e-04 2.1973879e-04 2.3784435e-04 2.5876693e-04 2.9683657e-04
 3.0785589e-04 2.9837209e-04 2.1311511e-04 1.6942942e-04 1.3245930e-04
 1.3022497e-04 1.3696935e-04 1.4538479e-04 1.5399483e-04 1.5602267e-04
 1.6950812e-04 1.8765287e-04 1.8877383e-04 1.7050232e-04 1.4574926e-04
 1.5589554e-04 1.5105252e-04 1.2752893e-04 9.7754040e-05 6.9092705e-05
 3.3561293e-05 1.1679891e-05 2.6392809e-06 3.2278857e-07 1.7446906e-08
 4.0788570e-10 2.1663778e-12 5.9540621e-13 5.3345452e-13 4.8984281e-13
 4.5916856e-13 4.3795100e-13 4.1278648e-13 4.0092056e-13 3.7638138e-13
 3.7871098e-13 3.6464511e-13 3.5039473e-13]","[0.55541927 0.51814187 0.51626086 0.5681947  0.6304449  0.6488701
 0.62173516 0.5943536  0.563464   0.55356    0.5694257  0.5752109 ]",0
26,343,"[-6.00573242e+02  1.06962944e+02  1.04724026e+01  1.94214897e+01
  7.14258099e+00  6.78807545e+00  9.48546469e-01  5.56563044e+00
 -6.25117481e-01 -1.71657598e+00  8.01618385e+00  1.76896775e+00
  3.87748122e+00  1.58078015e+00  4.48787069e+00  3.70947504e+00
 -3.60521942e-01  1.77497971e+00 -3.05026863e-02  2.33997941e+00
  3.85721415e-01 -3.22442234e-01  8.72591555e-01 -4.85206544e-01
 -6.04586661e-01  7.84841180e-01  2.15238690e+00  2.56679095e-02
  1.31768370e+00  2.33494568e+00  1.26333737e+00  1.54242849e+00
  9.37762558e-01  5.20994663e-01 -7.20443726e-02 -8.77702087e-02
  1.61961958e-01 -2.95121800e-02 -3.84126510e-03 -2.71133602e-01]","[2.01127306e-02 6.41496154e-03 1.59086362e-02 3.24971303e-02
 1.87543742e-02 5.28298598e-03 7.52984779e-03 1.08950157e-02
 8.23675282e-03 6.14059670e-03 4.60144877e-03 4.25962685e-03
 4.86076437e-03 4.99711093e-03 6.64653862e-03 6.95202732e-03
 8.09423998e-03 1.11606084e-02 1.09382337e-02 9.45904572e-03
 6.94243656e-03 4.33530426e-03 4.66658734e-03 3.17154545e-03
 2.66428874e-03 2.25640042e-03 1.87830196e-03 1.57620339e-03
 1.33529305e-03 1.02604390e-03 7.83691299e-04 8.19263340e-04
 7.99675297e-04 7.36163289e-04 8.01788934e-04 7.75203283e-04
 8.24706221e-04 8.54075653e-04 8.29406432e-04 1.06545480e-03
 1.11803971e-03 1.11025025e-03 9.12370509e-04 8.89832038e-04
 7.88930745e-04 6.31517149e-04 4.69406776e-04 4.49326792e-04
 4.80852061e-04 5.42242313e-04 4.35424183e-04 3.46861721e-04
 2.94005411e-04 2.82408146e-04 1.97742876e-04 1.83943339e-04
 1.85524244e-04 1.67873586e-04 1.56747963e-04 1.18478798e-04
 9.16266654e-05 9.26198991e-05 8.63759706e-05 6.93250913e-05
 5.92692159e-05 6.79900550e-05 7.90668637e-05 9.59283134e-05
 1.02633283e-04 1.14811693e-04 1.18424854e-04 1.04854342e-04
 8.25451280e-05 5.31769219e-05 4.10965986e-05 3.52076713e-05
 3.23414170e-05 4.47482307e-05 5.54018079e-05 6.59891011e-05
 7.92065330e-05 7.61547126e-05 7.41927215e-05 7.03917758e-05
 6.83981780e-05 5.52728816e-05 8.46100374e-05 5.93256445e-05
 6.54726609e-05 8.09682533e-05 1.01671591e-04 9.99243130e-05
 7.16252034e-05 5.20295544e-05 4.60964402e-05 4.58394316e-05
 4.66418569e-05 4.70876948e-05 4.65530502e-05 4.25796206e-05
 3.97291733e-05 3.73088005e-05 3.43185275e-05 3.04234127e-05
 2.66775569e-05 2.46651016e-05 2.24292689e-05 1.96958845e-05
 1.49286943e-05 1.03549701e-05 5.39100802e-06 2.20279912e-06
 5.68267978e-07 7.68043691e-08 4.70182204e-09 1.04780427e-10
 7.05829167e-13 3.25439003e-13 3.03525651e-13 2.84407968e-13
 2.70174643e-13 2.59503871e-13 2.50415574e-13 2.43219399e-13
 2.41784565e-13 2.33808686e-13 2.27662507e-13 2.24664661e-13]","[0.67486864 0.66773087 0.64947647 0.662109   0.6830264  0.7142209
 0.71387327 0.7201559  0.6909175  0.668841   0.67310864 0.68308747]",0
27,344,"[-3.7095074e+02  1.3337688e+02 -4.4915576e+00  2.5782576e+01
  1.7577335e+01 -6.3854833e+00 -4.1063104e-02  2.0768926e+00
 -2.9833443e+00 -3.6489561e-01  1.4270394e+00 -3.5084948e-01
  2.2589271e+00 -1.0506060e+00  5.4462856e-01  2.4101388e+00
 -1.4668211e+00 -1.8596667e+00  3.1739450e-01  2.0499773e-01
 -2.3232951e+00  9.9659123e-02  7.9065269e-01 -6.5597343e-01
 -3.4319624e-01  1.7449059e-02  2.3296186e-01 -8.6104602e-01
 -3.1573462e-01 -1.1846169e-01 -3.8653901e-01 -8.3964783e-01
 -1.0941578e+00 -8.1364489e-01 -1.3557284e+00 -7.9454434e-01
 -7.3504174e-01 -8.8464922e-01 -8.5164249e-01 -8.8386393e-01]","[5.62686205e-01 5.62177122e-01 1.59179854e+00 1.41013658e+00
 6.63256347e-01 9.92962301e-01 1.35090292e+00 9.94821191e-01
 9.59237337e-01 1.25473714e+00 1.11111403e+00 9.12548900e-01
 8.29462886e-01 7.63117433e-01 7.57107556e-01 7.83220470e-01
 9.23576772e-01 1.01224446e+00 9.45554316e-01 1.12007070e+00
 1.18537199e+00 1.26727474e+00 1.28916645e+00 1.15185082e+00
 1.28276062e+00 1.39596045e+00 1.43678164e+00 1.67306805e+00
 1.31643260e+00 1.08727336e+00 7.34877586e-01 5.55243015e-01
 4.28603083e-01 2.80998737e-01 2.39901990e-01 1.97623834e-01
 1.66120037e-01 1.66544646e-01 1.42703310e-01 1.58101127e-01
 1.62714064e-01 1.68671250e-01 1.88658088e-01 1.99148461e-01
 2.06537277e-01 2.73227751e-01 2.85603076e-01 2.33868018e-01
 2.43037909e-01 2.05053911e-01 1.55775324e-01 1.50978297e-01
 1.17611855e-01 1.01603150e-01 9.39308405e-02 8.53020325e-02
 8.45555514e-02 7.13645071e-02 7.02503771e-02 7.83830285e-02
 6.20509721e-02 5.35878390e-02 5.46972901e-02 5.04767299e-02
 4.43922766e-02 4.52865846e-02 4.63508181e-02 4.74057086e-02
 5.00782654e-02 5.46430685e-02 6.04381599e-02 5.70498668e-02
 5.42537086e-02 4.62968647e-02 3.44423018e-02 2.74528507e-02
 2.33176090e-02 2.21159365e-02 2.06067152e-02 1.89424157e-02
 1.66126918e-02 1.35955522e-02 9.72031988e-03 6.61619939e-03
 4.64721210e-03 3.31411348e-03 2.30922340e-03 1.65100617e-03
 1.16595230e-03 8.26455653e-04 6.23684493e-04 4.30595945e-04
 3.29503586e-04 2.76049424e-04 2.28088698e-04 1.93982269e-04
 1.84577948e-04 1.73248307e-04 1.68510756e-04 1.67731298e-04
 1.65223682e-04 1.96367197e-04 2.07844423e-04 2.46561714e-04
 2.06069293e-04 1.93661472e-04 2.07952064e-04 1.45616403e-04
 7.71239793e-05 4.42995988e-05 2.37260847e-05 7.92912306e-06
 1.89838238e-06 2.97120408e-07 2.10392699e-08 4.23744956e-10
 8.14383803e-12 6.35983280e-12 6.45914095e-12 5.55352118e-12
 5.16657290e-12 5.31841541e-12 4.82530162e-12 4.57161652e-12
 4.40324947e-12 4.30577622e-12 4.26958512e-12 4.23230071e-12]","[0.6475469  0.6737585  0.69600874 0.71288854 0.69648594 0.67934763
 0.66510546 0.6585514  0.6482304  0.6497634  0.6509377  0.64365447]",1
28,345,"[-4.5621182e+02  8.8982994e+01 -1.6532135e+01  1.8518143e+01
 -9.2595243e+00 -3.6863563e+00 -7.4042916e+00 -1.0332849e+01
 -6.4904914e+00 -1.3001467e+00  8.7643725e-01 -3.8405123e+00
  3.4567480e+00 -2.4854489e-01  3.4484947e+00 -2.2690995e+00
 -6.3958272e-02  2.3959522e+00 -4.3669534e+00  3.8320761e+00
 -2.3416901e+00 -4.1433570e-01  2.1157782e+00 -9.3909770e-01
  1.9641967e+00 -4.2357126e-01  2.3608661e+00  2.2427106e+00
  2.9091740e+00  4.8492603e+00  4.5085883e+00  6.0103087e+00
  7.3377829e+00  8.3552275e+00  8.0876455e+00  8.1390533e+00
  6.6483493e+00  5.4135981e+00  3.7927327e+00  2.4384856e+00]","[5.98028153e-02 3.49842012e-02 1.63964126e-02 5.87128708e-03
 6.20970037e-03 8.68535507e-03 6.64270073e-02 1.37182027e-01
 1.29198298e-01 1.05473600e-01 7.82807842e-02 8.34904537e-02
 8.34466517e-02 1.20333068e-01 2.25821301e-01 2.87886888e-01
 3.02158296e-01 2.79266000e-01 2.22051993e-01 2.24904478e-01
 2.18568996e-01 2.45721161e-01 3.32337290e-01 3.04995328e-01
 2.20560506e-01 2.17745066e-01 2.00392812e-01 1.77307695e-01
 1.82031840e-01 1.54149413e-01 1.20498374e-01 1.28372282e-01
 1.51183292e-01 1.49621755e-01 1.90478742e-01 1.84403852e-01
 1.36370301e-01 1.38659522e-01 1.47513315e-01 1.51311547e-01
 1.15787379e-01 9.77477655e-02 1.26992851e-01 1.21171720e-01
 8.96754041e-02 8.56194571e-02 7.10086375e-02 6.46533147e-02
 5.44750392e-02 6.35490045e-02 7.78229460e-02 6.42280355e-02
 5.17282002e-02 4.89881895e-02 4.86019701e-02 4.77253050e-02
 4.29253578e-02 3.47726308e-02 3.28066200e-02 2.88696047e-02
 2.36717965e-02 2.09601093e-02 1.59694962e-02 1.22974953e-02
 9.74344090e-03 8.77980608e-03 7.17747072e-03 5.46535011e-03
 4.77050431e-03 4.26268997e-03 3.74314096e-03 3.38553987e-03
 3.81513452e-03 3.44281225e-03 3.41221574e-03 4.08976013e-03
 3.82571016e-03 3.57399764e-03 3.49310623e-03 3.67859122e-03
 3.71604087e-03 2.88275303e-03 2.51230691e-03 1.91849354e-03
 1.52612885e-03 1.45397533e-03 1.25923357e-03 1.11003057e-03
 1.08053361e-03 1.09779730e-03 1.03045756e-03 9.85058490e-04
 1.02368195e-03 9.06352128e-04 7.53031520e-04 6.38464408e-04
 4.54223540e-04 2.89336371e-04 1.96647539e-04 1.27462277e-04
 1.02589242e-04 9.53138297e-05 1.11918613e-04 1.25835315e-04
 1.41645171e-04 1.57776944e-04 1.58210183e-04 1.25203806e-04
 9.18587175e-05 5.56332088e-05 2.77527470e-05 1.00317038e-05
 2.12123905e-06 2.56011276e-07 1.27576438e-08 2.13894180e-10
 8.03495074e-13 1.28476182e-13 1.24075744e-13 1.27522857e-13
 1.57791911e-13 1.87356437e-13 1.56418132e-13 1.22168402e-13
 8.73003723e-14 1.08916701e-13 1.39456968e-13 1.32307780e-13]","[0.46302673 0.47638825 0.47781247 0.47226644 0.4520064  0.47942924
 0.5452128  0.59894854 0.5864456  0.54531807 0.5063263  0.4716926 ]",1
29,347,"[-5.6975702e+02  1.3467044e+02 -2.0202923e+00  2.7327162e+01
  1.3878678e+01  1.7886003e+00  3.7620721e+00  2.4031258e+00
 -3.5057907e+00  5.5312741e-01  5.3768692e+00  2.7397349e+00
  2.4418266e+00 -1.7757581e+00  4.8351507e+00  3.0090480e+00
 -3.5742715e-01  1.1327878e+00  8.4764546e-01  2.0223987e+00
 -5.5222273e-01  2.3923275e+00  1.6800802e+00  2.1622333e-01
  1.4416076e+00  1.3854791e+00  1.0153272e+00 -1.0052242e+00
 -2.7910516e-01 -2.4426742e-01 -1.3320440e-01 -5.9277642e-01
 -1.0842389e+00 -8.2533807e-01 -8.6119390e-01 -5.8665776e-01
 -1.5622001e+00 -1.1709177e+00 -1.1170768e+00 -1.8185787e+00]","[3.13086510e-02 9.19566490e-03 5.68666011e-02 2.19374686e-01
 1.17252827e-01 1.87295824e-02 1.39975781e-02 4.12598364e-02
 4.60053645e-02 3.51397879e-02 3.76426503e-02 4.78716791e-02
 4.65498753e-02 4.11239527e-02 4.71428260e-02 4.58878353e-02
 4.77799773e-02 5.33596799e-02 5.20390384e-02 4.91678342e-02
 5.57396375e-02 5.88912629e-02 5.24301752e-02 3.98460701e-02
 2.90816594e-02 2.44632754e-02 1.62045266e-02 1.05408262e-02
 7.47877499e-03 5.91769069e-03 4.87508811e-03 3.56568163e-03
 3.59766907e-03 2.78099021e-03 4.18555876e-03 4.16014483e-03
 3.72984353e-03 3.88133875e-03 3.81408096e-03 4.52820351e-03
 4.48423764e-03 4.68023820e-03 4.76636505e-03 4.86449571e-03
 4.50604642e-03 4.74737585e-03 4.63942578e-03 4.22811834e-03
 4.56508854e-03 5.35653718e-03 4.12930362e-03 3.16218310e-03
 3.25365830e-03 2.53448146e-03 2.14497629e-03 2.38812133e-03
 1.40794693e-03 1.12323894e-03 1.10109046e-03 9.43658524e-04
 8.64116941e-04 8.29378958e-04 7.05332728e-04 7.12433015e-04
 5.87047951e-04 7.27421662e-04 7.90784892e-04 9.28597990e-04
 1.09884830e-03 1.11431244e-03 1.10419991e-03 9.40505997e-04
 7.06165039e-04 5.31512662e-04 4.03762970e-04 3.39432445e-04
 2.87503120e-04 2.22795701e-04 1.76829752e-04 1.67707287e-04
 1.79607698e-04 1.77075475e-04 1.88001737e-04 1.87477170e-04
 1.70371291e-04 1.55491085e-04 1.08345805e-04 9.35604185e-05
 7.78497706e-05 6.42794403e-05 6.99249285e-05 5.29930803e-05
 4.46778504e-05 4.72728425e-05 4.44458055e-05 4.46590420e-05
 3.36681333e-05 2.49640234e-05 1.90836799e-05 1.59341071e-05
 1.19470160e-05 1.01833502e-05 8.91258605e-06 9.32731473e-06
 1.00390362e-05 1.19444294e-05 1.37953266e-05 1.25452589e-05
 7.40326641e-06 4.92957042e-06 3.15014790e-06 1.62665901e-06
 4.77415881e-07 6.09908639e-08 3.13011905e-09 6.82460685e-11
 1.95302520e-12 1.59916069e-12 1.49898182e-12 1.40066214e-12
 1.32661677e-12 1.27085050e-12 1.23023748e-12 1.19746650e-12
 1.16815173e-12 1.13604362e-12 1.11633044e-12 1.09853424e-12]","[0.615612   0.6520555  0.7004339  0.6860878  0.661951   0.66746795
 0.686131   0.717305   0.7051423  0.6693487  0.64286727 0.6364695 ]",1
30,348,"[-4.9791641e+02  9.9223648e+01 -3.3824131e-01  2.3204952e+01
  8.5814488e-01  2.3108308e+00 -4.4093084e+00 -7.1995273e+00
 -5.3587823e+00 -2.8413312e+00  2.3288171e+00 -7.3436670e+00
 -2.8342443e+00  1.7166692e-01  1.9090448e-01 -1.6982211e+00
 -1.5232290e+00  2.2434635e+00  3.4316224e-01 -4.1132468e-01
  1.6798811e-01  1.3554876e+00 -1.1077579e+00  1.2585877e+00
  9.2730999e-01 -2.0160279e+00  4.0498877e-01 -6.2851018e-01
 -4.1333386e-01 -3.2823920e-01 -7.0476674e-02  7.3856592e-01
  1.6429801e+00  3.0210469e+00  3.6227930e+00  5.5003924e+00
  6.5455294e+00  7.6687193e+00  7.8463359e+00  7.4338026e+00]","[1.26335412e-01 4.98914495e-02 1.98964961e-02 1.02911303e-02
 8.90990905e-03 6.09468706e-02 1.76816046e-01 1.35679737e-01
 7.15178847e-02 5.24149239e-02 4.17604484e-02 4.91861738e-02
 1.54093638e-01 2.18533069e-01 1.84310988e-01 1.04139812e-01
 7.82265514e-02 5.76325282e-02 8.40860084e-02 1.23720802e-01
 1.14477605e-01 1.02999002e-01 6.98408261e-02 4.49925214e-02
 5.77521473e-02 6.98284581e-02 6.45308644e-02 5.44583388e-02
 3.60430516e-02 2.83867419e-02 2.55415998e-02 2.16853954e-02
 1.89861525e-02 1.58022586e-02 1.27999736e-02 8.33967794e-03
 6.79422868e-03 8.63083638e-03 7.78590003e-03 6.73759822e-03
 5.56590920e-03 5.57523454e-03 5.14650019e-03 4.81564132e-03
 5.75542264e-03 5.76306088e-03 5.18294517e-03 4.95948642e-03
 5.69128152e-03 5.19289821e-03 4.59285453e-03 4.28518560e-03
 4.56683617e-03 5.40752523e-03 5.55099780e-03 5.78145217e-03
 4.83963592e-03 4.54546278e-03 3.84810660e-03 3.73462331e-03
 2.98053538e-03 2.35225121e-03 2.45207106e-03 1.68182305e-03
 1.21112494e-03 1.25399802e-03 9.98951728e-04 6.46268134e-04
 6.99308119e-04 5.54291939e-04 5.44819690e-04 6.18367456e-04
 6.13587792e-04 7.52094144e-04 8.06113647e-04 9.99096665e-04
 8.97466496e-04 7.77342881e-04 6.30434835e-04 5.02052542e-04
 2.97522405e-04 2.45393661e-04 1.88202757e-04 1.75771202e-04
 1.74127970e-04 1.95495479e-04 2.08989310e-04 2.43122166e-04
 2.39691653e-04 2.14012995e-04 1.75189794e-04 1.24088285e-04
 8.42011650e-05 8.96585479e-05 1.10800385e-04 1.30737360e-04
 1.36016752e-04 1.37409676e-04 1.60395415e-04 1.88547216e-04
 2.11292543e-04 2.19836933e-04 2.37577551e-04 2.14505708e-04
 1.30729837e-04 8.00303533e-05 8.78805513e-05 9.51825059e-05
 9.06077912e-05 6.59116049e-05 3.01399523e-05 9.02181819e-06
 2.00359023e-06 2.62746198e-07 1.55503166e-08 5.53174839e-10
 2.37223657e-10 2.16502816e-10 2.01304681e-10 1.89279023e-10
 1.79268697e-10 1.71284639e-10 1.64641412e-10 1.59168997e-10
 1.54894639e-10 1.51530830e-10 1.49209020e-10 1.47705889e-10]","[0.47402564 0.4729022  0.47222167 0.4970786  0.57801807 0.65958285
 0.657902   0.61112696 0.55064464 0.49572387 0.4607815  0.4667844 ]",1
31,350,"[-5.3451154e+02  1.0025755e+02  7.0918207e+00  9.9988308e+00
  5.5901828e+00  1.1566327e+00 -6.5466766e+00 -2.7775917e+00
 -2.9673207e+00 -1.1219631e+00  5.6047540e+00 -2.1960335e+00
 -1.0880396e+00 -1.8113256e-01  2.4941046e+00  1.9614797e+00
 -3.1750562e+00  1.2357644e+00  1.0733795e+00 -9.5914888e-01
 -4.8170769e-01  9.8852640e-01 -1.1494791e-01 -1.7456738e+00
  3.4446931e-01 -9.5668912e-01 -1.6825764e+00 -5.2228713e-01
 -3.2036754e-01  5.1673317e-01  6.0587686e-01 -2.4324560e-03
  6.1196017e-01  8.3247030e-01  6.2297815e-01  1.8794593e+00
  2.2994969e+00  2.7909453e+00  4.0506449e+00  4.6566386e+00]","[1.9679254e-02 1.2776623e-02 8.0770142e-03 3.3077793e-03 7.1002692e-03
 2.4074469e-02 2.8358115e-02 2.0653702e-02 1.3572913e-02 8.7945424e-03
 9.3222037e-03 1.8256599e-02 2.5340227e-02 2.2772811e-02 2.3125527e-02
 1.9670505e-02 2.0444585e-02 2.1993291e-02 2.3303743e-02 2.6288992e-02
 2.0788971e-02 2.0201949e-02 2.3944503e-02 1.9533971e-02 2.3603627e-02
 2.4480071e-02 2.4145307e-02 2.3845611e-02 1.9487435e-02 1.4654712e-02
 1.4060120e-02 1.1286806e-02 1.0732066e-02 8.7918323e-03 7.1533546e-03
 5.3012404e-03 3.6668899e-03 3.7051016e-03 2.9126650e-03 2.5305192e-03
 2.5685984e-03 2.9342375e-03 3.0472428e-03 2.6438143e-03 3.1459266e-03
 3.2730210e-03 3.3993502e-03 3.7325472e-03 3.8499029e-03 3.4026022e-03
 3.9748275e-03 4.4064610e-03 3.6504373e-03 2.9010400e-03 2.2690485e-03
 1.9412603e-03 1.6906006e-03 1.4776425e-03 1.1733539e-03 8.3070382e-04
 6.8505132e-04 5.9065857e-04 4.7044968e-04 3.3892147e-04 2.9354493e-04
 2.2028352e-04 1.7017910e-04 1.6856218e-04 1.5820074e-04 1.6709634e-04
 2.1015904e-04 1.9944677e-04 1.9680519e-04 2.1242294e-04 1.8505903e-04
 1.6096640e-04 1.1072533e-04 8.1640748e-05 6.1423438e-05 4.8476468e-05
 4.0479790e-05 3.8956758e-05 4.3922835e-05 4.6667217e-05 5.1199288e-05
 4.9320111e-05 5.0377301e-05 4.5276731e-05 3.0514748e-05 2.2783026e-05
 2.0627196e-05 2.0007132e-05 1.9603745e-05 2.1053329e-05 2.2958429e-05
 2.2715352e-05 2.6699025e-05 2.6678505e-05 2.1228221e-05 2.0122136e-05
 2.7772454e-05 3.2039523e-05 3.1904707e-05 2.8937533e-05 2.9848303e-05
 3.2806918e-05 2.7064603e-05 2.0084077e-05 1.1783775e-05 6.8095587e-06
 3.5223150e-06 1.2830875e-06 3.3049727e-07 4.5577021e-08 2.7126357e-09
 7.0457806e-11 7.7633234e-13 5.3026290e-13 4.9824560e-13 4.6948860e-13
 4.4583532e-13 4.3294442e-13 4.1834993e-13 4.0572753e-13 3.9505695e-13
 3.8600199e-13 3.8242562e-13 3.7808407e-13]","[0.49630955 0.5107526  0.5568077  0.6100191  0.6450754  0.65029275
 0.61397845 0.58662516 0.5694634  0.5598463  0.5343833  0.50563425]",1
32,351,"[-4.8283163e+02  8.2914658e+01 -1.8751640e+00  2.6198814e+01
  2.9966792e-01  4.7534118e+00 -8.0866307e-02 -1.0197462e+00
  5.7238922e+00 -2.2710681e+00  4.1468320e+00  4.5933783e-02
 -2.3112326e+00  1.4419439e-01 -4.4239882e-01 -1.6539464e+00
 -2.5544994e+00  8.7592959e-02 -1.4604599e+00 -2.5436492e+00
 -5.3961915e-01 -9.4498307e-01 -1.9827701e+00 -6.7295599e-01
 -1.3171846e+00 -6.0967410e-01  5.2829009e-02 -4.5770004e-01
  1.2845372e+00  7.7714026e-01  1.4552249e+00  2.1340656e+00
  2.9954875e+00  4.8727608e+00  6.4286733e+00  9.3083181e+00
  1.0262382e+01  1.0545019e+01  9.6201162e+00  7.6985660e+00]","[1.6006023e-01 7.0757374e-02 2.8026506e-02 1.0080979e-02 6.1162892e-03
 5.3554293e-02 3.9250481e-01 4.1816443e-01 1.9647110e-01 1.1381841e-01
 5.2382629e-02 3.2822192e-02 3.8916711e-02 8.1918888e-02 9.4641991e-02
 6.1828781e-02 4.6940509e-02 4.0706284e-02 3.2751337e-02 5.3325910e-02
 6.2195733e-02 5.6271188e-02 6.0593788e-02 4.2735126e-02 2.9994013e-02
 3.0280707e-02 4.3484230e-02 5.0865423e-02 4.5725822e-02 3.2575559e-02
 2.5822641e-02 2.0977700e-02 2.0501660e-02 1.6733205e-02 1.6311228e-02
 1.4499360e-02 1.1385939e-02 9.3822945e-03 9.0559218e-03 8.8598607e-03
 8.7473830e-03 6.9049308e-03 6.4595137e-03 6.4777541e-03 8.2694786e-03
 7.5205886e-03 6.1828084e-03 5.4078554e-03 5.6645032e-03 6.0459082e-03
 5.8790357e-03 4.4344896e-03 4.1220561e-03 3.9262827e-03 3.4144346e-03
 3.7191147e-03 2.8543507e-03 3.2444943e-03 3.2490017e-03 2.5425870e-03
 2.8031773e-03 2.9411430e-03 2.6852819e-03 2.2130499e-03 1.7985594e-03
 1.7654394e-03 1.7292217e-03 1.5796212e-03 1.2557590e-03 1.1526202e-03
 1.1016023e-03 1.0614665e-03 1.0107203e-03 1.0214301e-03 8.5733220e-04
 8.3904038e-04 8.6206041e-04 7.4038154e-04 6.8623229e-04 6.3762529e-04
 4.8385566e-04 3.7290234e-04 3.3946999e-04 3.1684362e-04 2.7716908e-04
 3.1102504e-04 4.0097089e-04 4.3955533e-04 5.5334443e-04 4.4834858e-04
 3.7338168e-04 3.2458879e-04 2.7844901e-04 1.9994317e-04 1.6781865e-04
 1.6795828e-04 1.6438939e-04 1.6479366e-04 1.8391437e-04 2.0577158e-04
 2.0295715e-04 2.1421473e-04 2.1374361e-04 2.1478177e-04 2.0459971e-04
 1.7965677e-04 1.6135949e-04 1.4551359e-04 1.0605558e-04 6.1597879e-05
 2.8242033e-05 8.9938658e-06 1.7023427e-06 2.1658796e-07 1.3313193e-08
 2.8354935e-10 3.0352589e-12 1.9641868e-12 1.7918175e-12 1.6515796e-12
 1.5449405e-12 1.4713856e-12 1.4019618e-12 1.3552917e-12 1.3348159e-12
 1.2955539e-12 1.2461777e-12 1.2225351e-12]","[0.48945764 0.49116784 0.47750553 0.48740953 0.5275832  0.6275099
 0.6893969  0.65113956 0.5704803  0.5125606  0.4851088  0.47278276]",1
33,352,"[-4.3444992e+02  7.2274895e+01  7.7307343e+00  1.2414039e+01
  5.6255989e+00 -2.3441067e+00 -3.0608108e+00 -2.8233845e+00
 -2.0770781e+00  1.3597943e+00  2.7271917e-01 -2.8249979e+00
  7.3861614e-02  1.7808676e+00  2.0250516e+00 -2.8573077e+00
 -7.2591829e-01  2.0719995e+00 -2.8714180e+00 -1.1106875e+00
 -1.1549683e+00 -3.0475624e+00 -1.3857099e+00 -2.7899435e-01
 -2.7257052e-01  7.3280036e-01  2.3322794e+00  2.0075812e+00
  2.7034669e+00  2.9805546e+00  2.3890400e+00  2.5913451e+00
  3.8910592e+00  5.3047881e+00  5.9846706e+00  7.7627783e+00
  8.0800314e+00  7.0631890e+00  6.0469985e+00  4.0441513e+00]","[7.57101417e-01 5.58649242e-01 4.60223764e-01 2.64614195e-01
 2.20206633e-01 1.83840469e-01 3.07722867e-01 3.73904437e-01
 2.00044051e-01 1.53103963e-01 9.36462209e-02 5.83326332e-02
 6.45431206e-02 9.37175378e-02 1.32939816e-01 1.11075640e-01
 9.28422511e-02 9.18560773e-02 7.72870108e-02 9.21968818e-02
 1.13377988e-01 1.37391746e-01 1.12405904e-01 6.84677958e-02
 5.65087795e-02 6.18783645e-02 8.20393413e-02 1.05513565e-01
 9.24080163e-02 9.30792689e-02 9.80636626e-02 6.73280358e-02
 6.08297549e-02 5.27265519e-02 4.80158404e-02 4.05579992e-02
 3.64871286e-02 3.47248204e-02 2.59125810e-02 2.97259185e-02
 2.72208378e-02 1.98725555e-02 1.73633862e-02 1.74832679e-02
 1.21929599e-02 1.24045527e-02 1.36249801e-02 1.23175355e-02
 1.48910256e-02 1.30590471e-02 1.00938929e-02 1.16767017e-02
 1.08970376e-02 9.98682156e-03 1.29171722e-02 1.54343313e-02
 1.69987064e-02 9.30551719e-03 8.21632147e-03 7.52358325e-03
 7.14681624e-03 6.55985344e-03 4.55208076e-03 3.29369982e-03
 2.85972119e-03 2.58635916e-03 2.10455107e-03 1.66163046e-03
 1.43650989e-03 1.42554741e-03 1.36119034e-03 1.26424234e-03
 1.39312365e-03 1.35217258e-03 1.49251393e-03 1.56079244e-03
 1.39569049e-03 1.48867699e-03 1.59304589e-03 1.30330003e-03
 9.27349785e-04 5.71978278e-04 4.05249419e-04 3.32094205e-04
 3.04363930e-04 3.51628318e-04 3.70297261e-04 3.95125186e-04
 3.84820887e-04 3.79121746e-04 3.44279571e-04 2.82273133e-04
 2.61635927e-04 2.30079109e-04 1.87129161e-04 1.21980505e-04
 8.82594832e-05 6.45423715e-05 6.82732862e-05 7.49477549e-05
 8.21861468e-05 8.83110333e-05 9.39498350e-05 9.44493077e-05
 1.05991778e-04 1.04962215e-04 9.85885272e-05 1.01186597e-04
 9.08109214e-05 6.51896189e-05 3.61401435e-05 1.37976540e-05
 3.14753288e-06 3.94881084e-07 2.30889103e-08 4.06312983e-10
 2.12888756e-12 9.79048440e-13 8.97268425e-13 8.37486927e-13
 7.98144970e-13 7.81350841e-13 7.32368268e-13 7.19987709e-13
 8.80099596e-13 7.09095868e-13 6.54789374e-13 6.36230543e-13]","[0.51879627 0.5316286  0.50012565 0.46173027 0.47853637 0.56438375
 0.67190516 0.68154067 0.62194014 0.5761627  0.5561749  0.53034997]",1
34,353,"[-4.2017218e+02  6.4436958e+01 -1.9451836e+00  9.5774879e+00
  1.4659672e+00 -5.0598531e+00 -9.2230931e-02 -4.7944870e+00
 -7.7333474e-01  5.4590192e+00 -9.2514018e-03 -2.1424940e+00
 -8.8115799e-01 -1.7579962e+00  3.4188765e-01 -2.9399073e+00
 -3.0108027e+00  3.0081919e-01 -3.2079499e+00 -2.2164414e+00
 -4.9884251e-01 -2.8341463e+00 -1.3004869e+00  3.7232414e-01
 -9.6848953e-01  2.1697485e-01  1.1234182e+00  1.7160279e-01
  1.5443907e+00  2.0789075e+00  1.9706838e+00  2.6427512e+00
  2.7087727e+00  2.8471875e+00  3.1357119e+00  3.2284558e+00
  3.3205297e+00  3.9087615e+00  4.2717466e+00  4.6109085e+00]","[3.91695797e-01 1.54296711e-01 4.86521646e-02 2.61728577e-02
 3.38957869e-02 1.38264954e-01 2.59081692e-01 2.94140279e-01
 2.76381373e-01 2.23505229e-01 8.11023340e-02 5.79908900e-02
 7.47915208e-02 7.37557188e-02 7.96910226e-02 7.93930888e-02
 1.05978452e-01 1.19019985e-01 1.30645722e-01 1.45420998e-01
 1.50774807e-01 1.70280963e-01 1.60465658e-01 1.26227528e-01
 1.56858817e-01 1.68760478e-01 1.77813664e-01 1.82487860e-01
 1.53792307e-01 1.51874945e-01 1.42739564e-01 1.24441743e-01
 1.17569409e-01 8.84354711e-02 6.35719225e-02 4.72058281e-02
 2.42244974e-02 2.13244855e-02 1.74561311e-02 1.65370647e-02
 1.56527739e-02 1.52485976e-02 1.35510601e-02 1.19724423e-02
 1.40645066e-02 1.53288934e-02 1.81386285e-02 1.60753615e-02
 1.24465041e-02 1.24738198e-02 1.45873725e-02 1.71493627e-02
 1.78216938e-02 2.00237297e-02 1.90405771e-02 1.86121929e-02
 1.71570256e-02 1.69947296e-02 1.43103087e-02 1.29717588e-02
 1.07337236e-02 9.31601319e-03 8.98282882e-03 6.92961691e-03
 5.11624431e-03 4.97818599e-03 4.26937407e-03 3.30547174e-03
 2.65467097e-03 2.47955741e-03 2.56717275e-03 2.82788882e-03
 2.53625051e-03 2.64189998e-03 2.81386334e-03 3.22009507e-03
 3.12424218e-03 3.33586009e-03 3.33494507e-03 2.96441303e-03
 2.50198832e-03 2.10396969e-03 1.52087049e-03 1.26187457e-03
 1.02771923e-03 1.05323922e-03 1.08848396e-03 1.30192772e-03
 1.30625803e-03 1.44333288e-03 1.13966630e-03 9.14991135e-04
 5.61062538e-04 3.43840598e-04 2.07903126e-04 1.40338016e-04
 1.00688245e-04 8.05907257e-05 7.31165928e-05 7.29468447e-05
 6.99911907e-05 7.22744880e-05 7.19282398e-05 6.95899726e-05
 6.52814124e-05 6.31755101e-05 5.08098819e-05 4.06565523e-05
 3.87567670e-05 3.28098249e-05 1.83981938e-05 7.60497460e-06
 2.26578413e-06 3.43887166e-07 2.20292922e-08 5.53481760e-10
 2.01748904e-12 6.64613289e-14 6.79370636e-14 6.77453224e-14
 7.48596538e-14 1.30320424e-13 8.47568679e-14 7.14946155e-14
 1.39404533e-13 9.73548092e-14 6.48343141e-14 5.99746422e-14]","[0.53262216 0.5184075  0.51834095 0.5424317  0.5750774  0.60781693
 0.60976315 0.6061941  0.59705    0.58089286 0.5604334  0.55132884]",1
35,355,"[-4.81466461e+02  1.00497086e+02  1.94210491e+01  1.44552736e+01
  1.00943966e+01  1.04845972e+01 -4.13741350e+00 -7.98304749e+00
  1.34613812e+00 -1.15954065e+00 -5.62219501e-01 -1.38834393e+00
 -8.13892707e-02 -5.76557219e-01 -2.15772986e+00 -1.81298163e-02
 -2.06543374e+00 -2.22031760e+00 -1.17568219e+00 -1.81817722e+00
 -2.09815383e+00 -2.62358737e+00 -3.20324469e+00 -3.02144694e+00
 -1.78872085e+00 -1.77785516e+00 -2.39597368e+00 -1.42960131e+00
 -4.52118158e-01 -1.15942872e+00 -1.98146021e+00 -2.09755421e+00
 -1.66260135e+00 -2.10073972e+00 -3.23321223e+00 -2.78817916e+00
 -2.45556498e+00 -2.37570620e+00 -2.29617119e+00 -2.20587230e+00]","[1.05154432e-01 6.40674606e-02 4.27683815e-02 1.52679697e-01
 8.72981608e-01 5.39307058e-01 1.42611310e-01 3.67103145e-02
 6.57921210e-02 2.46653765e-01 2.07584426e-01 1.00106299e-01
 4.62217703e-02 3.28250863e-02 6.32765740e-02 7.57485405e-02
 6.87470362e-02 6.41721860e-02 4.88262624e-02 4.70299236e-02
 4.47710752e-02 3.44068184e-02 2.80419029e-02 3.02575696e-02
 3.08027714e-02 2.72903610e-02 2.36262828e-02 1.54515794e-02
 1.19494563e-02 8.49109609e-03 5.66395605e-03 3.74956615e-03
 3.19266343e-03 2.80778902e-03 3.28822457e-03 2.97018932e-03
 3.09538282e-03 3.46192019e-03 2.52941437e-03 2.83033610e-03
 2.99221114e-03 2.54077022e-03 2.44307145e-03 2.27808696e-03
 2.45235092e-03 2.85770162e-03 2.82188901e-03 2.37424532e-03
 2.06746673e-03 2.46869982e-03 2.39779823e-03 2.60043168e-03
 2.07395433e-03 2.13684817e-03 1.71592063e-03 1.32158725e-03
 1.10603659e-03 9.89704044e-04 9.21806844e-04 7.42189877e-04
 5.75358048e-04 5.49079210e-04 4.80562914e-04 4.46542224e-04
 3.75456293e-04 3.22862295e-04 2.59103312e-04 2.03552408e-04
 2.15917578e-04 2.08756508e-04 1.91736690e-04 1.81833238e-04
 1.40990276e-04 1.00468984e-04 8.73034660e-05 7.79307302e-05
 6.76702548e-05 7.46191581e-05 8.19709385e-05 8.89217408e-05
 1.17834556e-04 1.75834168e-04 1.83149197e-04 1.91212050e-04
 1.97094370e-04 1.71394451e-04 1.67044956e-04 1.52001230e-04
 1.41987359e-04 1.59164600e-04 1.54535039e-04 1.58707262e-04
 1.67718870e-04 1.84604767e-04 1.64941041e-04 1.32399829e-04
 1.34859903e-04 1.15317394e-04 8.64807735e-05 6.43497988e-05
 5.94609483e-05 5.62752684e-05 4.97901165e-05 3.91750000e-05
 3.04511541e-05 2.38733992e-05 1.91450581e-05 1.23282798e-05
 7.28448140e-06 4.06127310e-06 2.15688578e-06 8.72337580e-07
 2.25301150e-07 3.36623387e-08 2.13598250e-09 4.71034947e-11
 5.31503932e-13 3.39907302e-13 3.17014806e-13 2.94783214e-13
 2.79275192e-13 2.73128200e-13 2.73933952e-13 2.94664087e-13
 2.96511432e-13 2.81436116e-13 2.57894021e-13 2.42869256e-13]","[0.70815605 0.65523887 0.5686819  0.52400786 0.49019417 0.48281437
 0.5087616  0.53110254 0.51916766 0.5159914  0.5830112  0.668834  ]",1
36,356,"[-5.09369934e+02  8.99618988e+01  1.88249512e+01  2.68034496e+01
  8.81107616e+00  9.33686733e+00  9.15732741e-01 -1.14188075e-01
  2.25629210e+00  5.73712444e+00  4.64682579e+00 -2.21438622e+00
  3.82319546e+00  1.57015181e+00  4.76318693e+00  6.32087111e-01
 -2.08885169e+00  2.60291052e+00 -1.73821640e+00 -4.90675807e-01
 -5.53448677e-01  5.76646328e-01 -9.51131999e-01 -5.05151451e-01
  2.09355783e+00 -1.38069475e+00  5.05601645e-01 -8.92464370e-02
 -9.68383014e-01  8.05607557e-01 -5.36353111e-01 -1.25259066e+00
 -7.68835664e-01 -6.70141459e-01 -1.14351237e+00 -5.01040339e-01
 -5.51252663e-01 -9.29589093e-01 -4.77671832e-01 -5.47303498e-01]","[1.74429074e-01 5.30698150e-02 7.14155436e-02 2.61998802e-01
 1.62578240e-01 5.04043140e-02 4.00890261e-02 8.51364061e-02
 7.40273446e-02 4.10617515e-02 3.09587587e-02 3.10451109e-02
 2.98345257e-02 2.47147679e-02 2.43514199e-02 2.84559019e-02
 3.44126560e-02 3.47625203e-02 3.71395350e-02 4.24976498e-02
 4.30032276e-02 3.97829227e-02 3.30500640e-02 2.21715383e-02
 2.03066710e-02 1.91856958e-02 1.78767201e-02 1.52046774e-02
 1.26282126e-02 1.00822235e-02 7.63105322e-03 5.82264690e-03
 5.14190784e-03 3.59351281e-03 2.94542010e-03 2.44399160e-03
 2.11532484e-03 2.22288049e-03 1.79963897e-03 1.79532636e-03
 1.93233544e-03 1.93981873e-03 1.84461556e-03 1.81114173e-03
 1.82750821e-03 2.06929841e-03 1.95784494e-03 1.69040367e-03
 1.59835885e-03 1.66281778e-03 1.96655234e-03 1.90581952e-03
 1.82170700e-03 1.86828442e-03 1.80966640e-03 1.83729432e-03
 1.64483674e-03 1.56611495e-03 1.34076306e-03 1.13347638e-03
 1.14478602e-03 9.86261410e-04 6.08138856e-04 5.59323293e-04
 4.68084210e-04 3.39996739e-04 3.04927467e-04 2.45844654e-04
 2.28803401e-04 2.08006677e-04 2.43539151e-04 2.62351241e-04
 2.37892629e-04 2.26654811e-04 2.36417298e-04 2.49151897e-04
 2.65585113e-04 2.85747170e-04 2.04214564e-04 1.66292797e-04
 1.41010270e-04 1.96580906e-04 2.03314179e-04 1.91099083e-04
 2.50313227e-04 2.81868444e-04 3.00338492e-04 2.92768003e-04
 3.04932444e-04 2.63684109e-04 2.35389700e-04 1.94316279e-04
 2.02734998e-04 2.45524425e-04 2.71592202e-04 2.92578421e-04
 3.19672108e-04 3.11476702e-04 3.15808051e-04 3.09892319e-04
 3.13441094e-04 3.08503426e-04 2.80091306e-04 2.61663925e-04
 2.43445596e-04 2.23427181e-04 2.21044436e-04 1.54876165e-04
 1.18011638e-04 6.86941130e-05 3.11974945e-05 1.07622145e-05
 2.46152968e-06 2.92161133e-07 1.79624440e-08 3.77941095e-10
 1.09711493e-11 9.17111092e-12 8.65810115e-12 8.23677411e-12
 7.87784855e-12 7.58834662e-12 7.34664326e-12 7.14955872e-12
 7.03282831e-12 6.86126069e-12 6.76036267e-12 6.69904019e-12]","[0.6134298  0.6164469  0.62262464 0.62584233 0.62454283 0.6553805
 0.6892913  0.7204418  0.7190275  0.7061113  0.67726487 0.6427596 ]",1
37,357,"[-4.8581818e+02  1.0651042e+02  6.9781518e+00  2.2128408e+01
  1.0436457e+01  7.5291595e+00 -2.0096018e+00  3.2088745e-01
  3.8779845e+00 -3.9173605e+00  5.3856344e+00 -2.1042244e-01
 -3.7921805e+00  1.7113304e+00 -7.8095257e-01  7.1392126e-02
 -8.0340612e-01 -2.1114750e+00  1.1563089e+00 -1.2476436e+00
 -1.6589108e+00  1.4681808e+00 -1.8749653e+00 -5.1968527e-01
  1.1288552e+00 -5.5543882e-01  7.1325317e-02  1.4648305e-01
  7.9263186e-01 -2.7111638e-01  5.3132582e-01  8.4813643e-01
 -9.2752892e-01  3.1322706e-01  1.0697066e-01 -5.5077153e-01
 -3.9398126e-02 -2.0249239e-01 -3.4965214e-01 -5.4001892e-01]","[9.44149867e-02 7.16526806e-02 3.61266844e-02 2.80138344e-01
 2.61571169e-01 1.09307081e-01 9.07154828e-02 2.48168916e-01
 3.42007875e-01 2.00532377e-01 1.09137304e-01 1.07567370e-01
 1.24711052e-01 9.10014063e-02 8.46273899e-02 1.07186764e-01
 1.74553812e-01 1.51934460e-01 1.26647249e-01 1.52599141e-01
 1.22259341e-01 1.01786859e-01 7.12289289e-02 9.01854858e-02
 1.09485164e-01 8.60796124e-02 6.65928125e-02 6.73789233e-02
 5.46041057e-02 5.14048003e-02 3.14504243e-02 2.30807215e-02
 2.17395648e-02 1.81775503e-02 1.98767819e-02 1.34684909e-02
 1.42717753e-02 1.34924790e-02 1.51610151e-02 1.51008600e-02
 1.36308922e-02 1.74855087e-02 1.95521675e-02 1.66863929e-02
 1.62812043e-02 1.40180122e-02 1.26822852e-02 1.06691839e-02
 1.06584495e-02 1.24739232e-02 1.19711915e-02 1.21133067e-02
 1.10036228e-02 1.06632886e-02 8.75264779e-03 8.83481652e-03
 8.58128536e-03 7.47850351e-03 7.37265078e-03 6.43576356e-03
 5.51052392e-03 5.51541150e-03 4.97588608e-03 4.25013853e-03
 3.73096764e-03 3.33557930e-03 3.39172943e-03 2.88721034e-03
 2.88480776e-03 2.72738421e-03 2.47906381e-03 2.42975866e-03
 2.23462214e-03 2.24411883e-03 2.12948001e-03 1.82829646e-03
 1.16851507e-03 7.22055265e-04 4.70704166e-04 3.53041105e-04
 3.10876814e-04 3.10365984e-04 3.07626673e-04 2.85422168e-04
 2.67891010e-04 1.97099900e-04 1.45112848e-04 1.04422339e-04
 7.27269507e-05 5.57416679e-05 5.24655188e-05 5.76516759e-05
 7.18286392e-05 8.21306094e-05 9.89511318e-05 1.25077233e-04
 1.68780025e-04 1.93718282e-04 2.11874780e-04 1.97717527e-04
 1.59915769e-04 1.15630493e-04 7.72742933e-05 6.50902512e-05
 5.93195837e-05 5.79914740e-05 4.39584983e-05 3.37037818e-05
 2.39297424e-05 1.21887660e-05 7.16688237e-06 3.58014177e-06
 9.83710834e-07 1.26001453e-07 9.23071930e-09 2.93515379e-10
 1.02065328e-10 9.27882562e-11 8.61544933e-11 8.08944717e-11
 7.65342720e-11 7.30719027e-11 7.02025174e-11 6.78436265e-11
 6.59935440e-11 6.45511769e-11 6.35348996e-11 6.28910327e-11]","[0.65669453 0.651035   0.6474209  0.65446806 0.6710193  0.6754579
 0.6655471  0.6753113  0.6980159  0.7147636  0.6953292  0.67175585]",0
38,358,"[-4.83105499e+02  7.05804901e+01  1.53859320e+01  1.58147354e+01
  7.65572309e+00  2.00305057e+00 -7.42614210e-01  3.33785295e-01
  3.96539330e-01  1.57320249e+00  3.99464035e+00  9.70458746e-01
  8.71173322e-01  6.82909489e-01  1.34221423e+00  6.37419939e-01
  6.07061125e-02  7.02130139e-01  6.70140922e-01  3.66858542e-01
 -1.21044123e+00  5.50398052e-01 -5.12073755e-01 -1.81212342e+00
 -1.14126846e-01 -7.90275276e-01 -8.86398315e-01  2.48064417e-02
  1.17500949e+00  9.51332331e-01  1.03360844e+00  1.75189233e+00
  1.34733200e+00  1.08134866e+00  9.64799464e-01  1.13027728e+00
  5.75759768e-01  3.08409601e-01  2.03208402e-01 -1.89411834e-01]","[5.86301744e-01 1.25579670e-01 9.27191824e-02 9.18069556e-02
 1.02987915e-01 7.74978474e-02 6.34628758e-02 5.60062528e-02
 4.60804477e-02 3.49375866e-02 3.27355079e-02 8.31767768e-02
 2.25015149e-01 2.10387811e-01 4.22345921e-02 3.40127312e-02
 3.41813266e-02 3.58632691e-02 3.20129208e-02 2.51277313e-02
 2.58784220e-02 3.04617770e-02 3.09827607e-02 3.29082459e-02
 2.91789398e-02 2.10371539e-02 1.70306824e-02 1.88740175e-02
 1.54118165e-02 9.51544009e-03 6.53180201e-03 4.49459581e-03
 4.27972991e-03 3.67768155e-03 3.91255924e-03 3.54278041e-03
 3.03569529e-03 2.92587001e-03 2.55867629e-03 2.77301390e-03
 2.93350103e-03 3.36212572e-03 3.38473171e-03 3.40637239e-03
 3.52900312e-03 3.11908149e-03 3.18807620e-03 3.28691700e-03
 3.12937330e-03 2.99932947e-03 2.36893585e-03 2.26150709e-03
 2.47887382e-03 2.09261500e-03 1.89733109e-03 1.36713078e-03
 1.28985383e-03 1.07948028e-03 9.12502815e-04 9.38436715e-04
 7.28448678e-04 6.33800752e-04 5.16377797e-04 4.51854983e-04
 4.40938602e-04 4.62257507e-04 5.45432325e-04 3.47517751e-04
 3.30896059e-04 3.87580105e-04 4.61715885e-04 5.14822954e-04
 5.99456835e-04 5.20934351e-04 4.27999184e-04 3.42537329e-04
 2.51409598e-04 1.70783111e-04 1.50155422e-04 1.35641138e-04
 1.52852575e-04 1.75589099e-04 1.97243091e-04 2.10835948e-04
 2.33340048e-04 2.21348673e-04 1.96923327e-04 1.74749701e-04
 1.64385652e-04 1.48967680e-04 1.44011952e-04 1.48042018e-04
 1.57568837e-04 1.63913006e-04 1.38778501e-04 1.21190940e-04
 1.09481945e-04 1.04560670e-04 9.55272480e-05 7.73654610e-05
 6.67274944e-05 6.50353468e-05 6.73719260e-05 5.82611792e-05
 6.13838201e-05 6.03112057e-05 5.69275544e-05 4.47908496e-05
 3.73179209e-05 2.48825836e-05 1.38875748e-05 5.12032648e-06
 1.02926685e-06 1.14608085e-07 6.06964567e-09 1.53558152e-10
 1.14298501e-11 9.97446743e-12 9.29128215e-12 8.74592499e-12
 8.29237894e-12 7.93563826e-12 7.64425068e-12 7.41862474e-12
 7.32911475e-12 7.07971052e-12 6.94554700e-12 6.86061971e-12]","[0.62756354 0.6162464  0.6255472  0.6479613  0.65034676 0.6509061
 0.6605639  0.6934253  0.71371335 0.6920526  0.66315126 0.6476129 ]",0
39,360,"[-5.0248538e+02  1.2188495e+02  1.0077085e-01  1.9525633e+01
 -2.3069777e+00 -3.1899333e-01  1.4214858e+00 -5.5911665e+00
 -6.2931209e+00 -2.1386707e-01 -8.2672065e-01 -5.6778522e+00
  1.5703136e+00 -2.0937464e+00 -3.8788375e-01 -1.7024525e+00
 -3.1990409e+00 -1.3090576e+00 -3.0760791e+00 -1.9362209e+00
 -3.1777618e+00 -3.1674647e-01 -2.1613982e+00 -1.8225691e+00
 -4.6300101e-01 -1.8451005e+00  1.8243636e+00  2.4652402e+00
  3.1121767e+00  4.6239600e+00  7.0556259e+00  7.4936948e+00
  9.0713043e+00  1.0773771e+01  9.3108435e+00  9.8602657e+00
  7.4265742e+00  5.0233126e+00  3.0866838e+00  1.6235837e+00]","[6.11840412e-02 2.22835224e-02 1.33339642e-02 7.15061929e-03
 5.10641420e-03 1.76406857e-02 3.07954729e-01 1.02601755e+00
 1.16090858e+00 6.03641629e-01 1.84343323e-01 7.88459778e-02
 5.12552820e-02 5.93659878e-02 2.19202310e-01 3.43941450e-01
 3.43953520e-01 4.05127019e-01 2.76034981e-01 1.42274886e-01
 1.00646615e-01 1.41310737e-01 2.42809817e-01 2.27008268e-01
 2.13543877e-01 2.01867521e-01 1.50288284e-01 1.29227176e-01
 9.54188630e-02 9.28543583e-02 9.00025219e-02 9.39646661e-02
 1.08381845e-01 8.72339532e-02 7.84897357e-02 5.97902276e-02
 5.33535890e-02 5.27606420e-02 3.12907994e-02 2.55823303e-02
 2.26053223e-02 2.05031522e-02 2.37789825e-02 1.59513745e-02
 1.74280852e-02 1.56074353e-02 1.36204651e-02 1.26513410e-02
 1.10323485e-02 1.22858491e-02 1.06345033e-02 9.65503510e-03
 6.67874562e-03 4.38431837e-03 4.06429451e-03 3.78067116e-03
 3.45130032e-03 2.97954306e-03 2.80298921e-03 1.88811694e-03
 1.34303386e-03 1.14387693e-03 1.07278221e-03 9.72429756e-04
 5.70587523e-04 5.62246190e-04 5.04775613e-04 4.73867287e-04
 3.71729344e-04 2.59680732e-04 2.19635476e-04 2.00329785e-04
 1.86944279e-04 1.79650262e-04 2.18832414e-04 2.37627159e-04
 2.66329502e-04 2.64785456e-04 2.84968672e-04 2.64648494e-04
 2.17864086e-04 1.84004777e-04 1.67793536e-04 1.71886146e-04
 1.70143612e-04 1.65377161e-04 1.74573826e-04 1.67585909e-04
 1.43127807e-04 1.11564172e-04 8.16435786e-05 6.47581764e-05
 5.94044977e-05 5.35045110e-05 5.15406828e-05 4.62985590e-05
 4.46538870e-05 3.86054598e-05 3.25879373e-05 2.94830279e-05
 2.70496512e-05 2.55838240e-05 2.48354481e-05 2.34224626e-05
 2.13652565e-05 2.14976444e-05 2.23734241e-05 2.26214397e-05
 2.07380235e-05 1.47647352e-05 7.49587252e-06 2.60330376e-06
 6.58000772e-07 8.50530526e-08 5.47022960e-09 1.19927665e-10
 7.39466377e-13 3.09102733e-13 2.85451079e-13 2.67997348e-13
 2.57724262e-13 2.81218300e-13 2.96901718e-13 2.78827037e-13
 2.25936525e-13 3.09412218e-13 2.53409571e-13 2.35771499e-13]","[0.4229117  0.4159758  0.42568392 0.428721   0.42755133 0.4572825
 0.5150966  0.5999214  0.61161184 0.564402   0.5300003  0.47635272]",0
40,362,"[-5.2391370e+02  9.4046028e+01  1.2545800e+01  2.6335260e+01
  5.7282968e+00  3.3020780e+00  2.6406674e+00 -1.9998648e+00
  3.0228357e+00  1.4255426e+00  4.5498034e-01  4.1920934e-02
 -2.2092633e+00  1.4009133e-01  4.2567616e+00 -8.6383408e-01
  1.6966915e-01  9.4056654e-01 -9.8035896e-01  3.9694133e-01
 -1.3657417e+00  4.1333663e-01 -1.0299345e+00  4.3181559e-01
  1.4654272e+00 -8.6707014e-01  2.0895703e+00 -1.1588444e-01
 -5.8963633e-01  2.2780757e+00  1.2797043e+00  4.6913788e-01
  5.9189701e-01  1.1331024e+00  1.9247820e+00  1.7905871e+00
  2.2035053e+00  3.5116258e+00  2.8626053e+00  3.2007742e+00]","[1.60432920e-01 4.09667678e-02 1.66607015e-02 1.41425598e-02
 7.23672062e-02 2.18423456e-01 2.04115182e-01 1.05877347e-01
 5.50349504e-02 4.03082334e-02 5.03577776e-02 5.86352125e-02
 6.83383644e-02 7.33101070e-02 6.90007135e-02 4.98821177e-02
 5.41593656e-02 5.54759949e-02 5.97655214e-02 6.27318323e-02
 4.60556485e-02 4.57973368e-02 4.35579307e-02 2.93959044e-02
 2.86487807e-02 2.92659365e-02 2.46583149e-02 2.45972034e-02
 2.39193290e-02 2.34091207e-02 2.13405024e-02 2.06572153e-02
 1.88139584e-02 1.79966688e-02 1.40536213e-02 1.06429495e-02
 7.54047977e-03 6.29551290e-03 4.33899462e-03 4.26229555e-03
 5.12583274e-03 4.00804775e-03 2.97556631e-03 2.52088346e-03
 2.44836602e-03 2.33241962e-03 2.17757584e-03 1.93089177e-03
 2.10465095e-03 1.95907918e-03 1.79010839e-03 2.11069873e-03
 2.02151970e-03 2.51233228e-03 2.39114813e-03 1.68511237e-03
 1.63355563e-03 1.63598417e-03 1.59873185e-03 1.28592551e-03
 1.18640694e-03 1.03210169e-03 7.90712947e-04 6.75176037e-04
 4.90912586e-04 3.67491506e-04 4.28144587e-04 4.80920018e-04
 4.81587340e-04 5.41042536e-04 4.41358716e-04 4.61370393e-04
 4.93077154e-04 3.99598328e-04 4.11988993e-04 4.40647069e-04
 4.13644564e-04 3.99731915e-04 3.19506915e-04 2.40630281e-04
 1.48955383e-04 1.10797766e-04 1.02310114e-04 1.08836008e-04
 1.16725903e-04 1.44633043e-04 1.66189100e-04 1.77160167e-04
 1.81802927e-04 1.92394698e-04 1.88568767e-04 1.58069452e-04
 1.10148139e-04 9.30418246e-05 8.05853779e-05 8.53475358e-05
 8.53633755e-05 8.32275109e-05 6.39734644e-05 4.90543571e-05
 4.80180097e-05 5.08644225e-05 4.53843677e-05 4.80890194e-05
 5.08156954e-05 4.02395599e-05 3.02158933e-05 2.93734774e-05
 2.63563779e-05 1.64907815e-05 8.11761947e-06 3.16435626e-06
 8.24710014e-07 1.12856654e-07 6.64056410e-09 1.31819805e-10
 6.21461866e-13 2.10373616e-13 1.98308668e-13 1.85003258e-13
 1.75495713e-13 1.72116864e-13 1.70860762e-13 1.75071939e-13
 1.92931974e-13 1.69843374e-13 1.55136713e-13 1.45785741e-13]","[0.6196212  0.63036513 0.64091116 0.6481705  0.657063   0.68573
 0.68394357 0.67656666 0.66445225 0.6520804  0.6439173  0.6318026 ]",1
41,363,"[-5.0617926e+02  9.5511414e+01  1.2703854e+01  1.9088940e+01
  1.3737084e+01  1.1085017e+00 -2.5847285e+00 -6.3575429e-01
  9.4768003e-02 -1.1457164e+00  1.0151376e+00  1.6722097e+00
  1.6427121e+00  1.3562738e+00  3.1757269e+00  1.3213221e+00
  1.1156270e-01  9.6474600e-01 -6.8485504e-01 -8.5953064e-02
 -1.1131251e+00 -4.1201952e-01  2.7547240e-01 -2.3204119e+00
 -1.9786260e+00 -1.1794647e+00 -1.5903493e+00 -7.9453635e-01
 -3.1571355e-02 -1.2050936e+00 -5.7808971e-01  4.0969715e-01
 -8.9256161e-01 -9.3127698e-01 -4.7914872e-01 -3.3597523e-01
 -1.5772806e-01  5.0935242e-02 -2.4411495e-01 -1.2705450e+00]","[4.89996076e-02 1.35527104e-02 9.09018423e-03 1.00000761e-01
 1.21509306e-01 3.88107859e-02 1.60367247e-02 2.93372050e-02
 5.41020185e-02 3.59162055e-02 1.97333340e-02 1.90766025e-02
 2.92707570e-02 3.26961949e-02 3.91618013e-02 3.38533334e-02
 4.52287495e-02 4.91941608e-02 4.32571992e-02 4.52651903e-02
 3.73725407e-02 3.31429765e-02 3.92485410e-02 2.69400738e-02
 2.84738000e-02 2.69157067e-02 2.67449208e-02 2.60347333e-02
 2.28124950e-02 1.61981825e-02 1.17109558e-02 1.02358107e-02
 7.88831245e-03 6.56565418e-03 7.37349549e-03 6.08899165e-03
 4.51075891e-03 6.44095195e-03 5.11336699e-03 5.65828942e-03
 5.21876756e-03 4.05122247e-03 4.55570454e-03 4.57859132e-03
 3.83340917e-03 3.80741945e-03 4.17953171e-03 4.50538471e-03
 3.90288979e-03 3.23984749e-03 2.83969543e-03 2.73552281e-03
 1.89978443e-03 1.89011765e-03 2.00614054e-03 1.90474605e-03
 2.02978589e-03 1.65616919e-03 1.21808972e-03 1.35053892e-03
 1.25520397e-03 1.00286398e-03 8.94061755e-04 9.20203980e-04
 8.99141014e-04 6.69645087e-04 7.54744513e-04 7.16445153e-04
 5.53586811e-04 6.28891226e-04 6.37085468e-04 5.52322075e-04
 6.16229139e-04 4.88060992e-04 3.86201194e-04 3.20542051e-04
 2.27474695e-04 1.86049132e-04 1.28098225e-04 1.21785495e-04
 1.26734638e-04 1.23253951e-04 1.26661587e-04 1.17421638e-04
 1.29037333e-04 1.23491729e-04 1.16810952e-04 8.95431367e-05
 7.95844680e-05 7.70209444e-05 8.15659077e-05 8.51650038e-05
 7.79559196e-05 6.95803537e-05 6.10704010e-05 5.76382881e-05
 4.42910496e-05 3.39825710e-05 2.58296823e-05 1.96498186e-05
 1.94928944e-05 2.18388122e-05 2.43101385e-05 2.00314516e-05
 1.57159302e-05 1.29005857e-05 1.13706019e-05 9.32113289e-06
 6.79754248e-06 4.38336747e-06 2.28582189e-06 7.96050870e-07
 1.97892902e-07 2.57887880e-08 1.47491885e-09 3.06921884e-11
 1.93517403e-12 1.68931275e-12 1.56636238e-12 1.46205173e-12
 1.37891413e-12 1.31895102e-12 1.26841918e-12 1.22615416e-12
 1.19542646e-12 1.16317925e-12 1.14321920e-12 1.12731211e-12]","[0.6011581  0.58494204 0.563114   0.57594776 0.59434617 0.59225696
 0.57859683 0.59955096 0.6442967  0.6936624  0.6919821  0.6283838 ]",0
42,364,"[-4.5975089e+02  1.2447236e+02  1.7735572e+00  2.7759699e+01
  5.3477664e+00  4.3608956e+00  1.6273588e+00 -8.2306486e-01
  1.2310009e+00  8.8442624e-01  5.0186663e+00 -1.8432724e+00
  5.1932836e-01  2.1389024e+00  2.1385767e+00  6.7543101e-01
  1.6612804e+00  3.3793762e+00  1.2814405e+00  1.9125338e+00
 -1.1925011e-01  3.8955271e-01 -1.1428020e+00 -1.1226180e+00
 -1.6757411e-01 -1.9707161e+00 -6.3922834e-01 -2.4675761e-01
 -1.8208216e-01 -2.8012905e-01  6.1328280e-01  2.6282540e-01
 -1.0979693e-01  2.7915388e-01 -3.6455879e-01 -3.9577663e-02
 -7.5055683e-01 -3.8087949e-01 -3.6768073e-01 -4.4862995e-01]","[2.57171392e-01 1.20263174e-01 2.05098808e-01 2.47536674e-01
 1.29051164e-01 1.23703323e-01 1.59564435e-01 1.40137807e-01
 1.00662813e-01 9.14407894e-02 8.58560652e-02 9.61011574e-02
 1.07271165e-01 1.14028506e-01 1.28696710e-01 1.21582314e-01
 1.23057626e-01 1.25758067e-01 1.05184779e-01 8.58511701e-02
 7.35668764e-02 8.38924125e-02 9.43785235e-02 9.48916227e-02
 9.16454867e-02 8.46146718e-02 8.64335001e-02 8.75453129e-02
 7.45943561e-02 6.84789345e-02 6.72086477e-02 4.91463281e-02
 3.50329690e-02 2.90958639e-02 2.78411079e-02 2.63558906e-02
 2.67193206e-02 2.60527451e-02 2.44140960e-02 2.43992545e-02
 2.04577893e-02 2.05926076e-02 2.07709689e-02 1.87858902e-02
 1.80806294e-02 1.59419850e-02 1.28051536e-02 1.08818300e-02
 1.10149467e-02 9.73272044e-03 8.57314654e-03 7.91367237e-03
 8.00607540e-03 8.31719581e-03 8.07167217e-03 7.84181803e-03
 6.81017200e-03 6.23010797e-03 5.29102515e-03 4.67486447e-03
 4.29077493e-03 3.53715941e-03 2.89004715e-03 2.46615056e-03
 2.05283589e-03 1.80690316e-03 1.63257157e-03 1.41842628e-03
 1.25276891e-03 1.21293089e-03 1.32697425e-03 1.36061700e-03
 1.41652091e-03 1.41771568e-03 1.44487200e-03 1.46309158e-03
 1.31755718e-03 1.11026480e-03 8.85026646e-04 7.34551228e-04
 6.35000120e-04 5.68885240e-04 5.13559382e-04 4.48338920e-04
 4.17350500e-04 3.66470020e-04 2.98682251e-04 2.53117498e-04
 2.35265994e-04 2.49518926e-04 2.72988109e-04 2.57975393e-04
 2.21118025e-04 2.18689645e-04 2.41822941e-04 2.59563269e-04
 2.65762646e-04 2.55423656e-04 2.46431533e-04 2.36159656e-04
 2.33494196e-04 2.32205057e-04 2.21487760e-04 1.88846345e-04
 1.70991014e-04 1.61834512e-04 1.43303070e-04 1.08139189e-04
 7.00159289e-05 3.71668357e-05 1.88548311e-05 8.44060742e-06
 2.23973052e-06 3.36097798e-07 2.33378064e-08 7.17785831e-10
 1.81620233e-10 1.65002789e-10 1.53659876e-10 1.44666279e-10
 1.37165890e-10 1.31179984e-10 1.26180566e-10 1.22053145e-10
 1.18874424e-10 1.16296771e-10 1.14543743e-10 1.13420148e-10]","[0.62246203 0.62659734 0.6443976  0.68546456 0.7183157  0.7482483
 0.7497794  0.74508053 0.72107756 0.69441074 0.6717282  0.6474696 ]",0
43,366,"[-4.7008420e+02  9.7873940e+01  5.9946771e+00  1.7424463e+01
  1.4594491e+01  4.1728415e+00 -1.4663041e+00  2.6996307e+00
 -8.2723573e-02  2.0354786e+00  7.0595269e+00  6.3362956e-01
  4.2261539e+00  3.8366213e+00  2.6255028e+00  3.6783078e+00
  1.0606323e+00 -1.6121922e-01  9.6743762e-01  1.2685275e+00
 -1.7532716e+00  5.3848732e-01  5.7945019e-01 -8.6137241e-01
  1.1043953e+00  8.5966712e-01  4.9706066e-01  1.0379958e+00
  1.7610955e+00  9.3288445e-01  1.4782910e+00  1.5985743e+00
  9.4451791e-01  1.5868630e+00  1.1390188e+00  1.4792951e+00
  1.5812973e+00  1.4584482e+00  1.7811824e+00  1.7611079e+00]","[1.54633150e-01 4.68741916e-02 3.35814990e-02 7.09557459e-02
 7.39809722e-02 5.82098998e-02 8.38164464e-02 1.15440607e-01
 8.37138519e-02 5.08057661e-02 3.37329842e-02 3.55461314e-02
 4.53442261e-02 5.07927984e-02 5.69550246e-02 5.63915819e-02
 7.19489828e-02 7.84203634e-02 9.21462253e-02 9.03502554e-02
 7.10413530e-02 8.33305046e-02 8.63679871e-02 7.33512864e-02
 7.18385130e-02 6.35453761e-02 5.85058779e-02 5.73021509e-02
 4.47442271e-02 3.41934189e-02 3.32485065e-02 3.29505168e-02
 3.01759169e-02 2.15969663e-02 1.72728039e-02 1.50457844e-02
 1.34513788e-02 1.32428985e-02 1.34430574e-02 1.53395273e-02
 1.33140609e-02 1.12387436e-02 9.27707274e-03 1.16926264e-02
 1.39971655e-02 1.44190565e-02 1.18790353e-02 1.13995913e-02
 1.46482307e-02 1.42214298e-02 9.63741541e-03 7.92702101e-03
 8.99914838e-03 9.18058492e-03 7.04182545e-03 6.50763558e-03
 6.33911742e-03 5.72673231e-03 4.90439264e-03 4.42436850e-03
 4.21156082e-03 3.27063771e-03 2.99191452e-03 3.09095788e-03
 2.61318893e-03 2.23166565e-03 2.04042951e-03 2.01980909e-03
 2.07778392e-03 2.31278269e-03 2.11716560e-03 2.15634960e-03
 2.18668091e-03 1.61672686e-03 1.36754662e-03 1.22082338e-03
 7.81997049e-04 6.29285292e-04 6.34954602e-04 6.95131486e-04
 7.38612551e-04 7.22292229e-04 7.61461968e-04 6.57385564e-04
 5.33190090e-04 3.99154960e-04 2.56670086e-04 1.62300334e-04
 1.09420878e-04 8.26408359e-05 6.86662024e-05 6.62632010e-05
 7.33209527e-05 8.07837350e-05 8.42380541e-05 7.85908924e-05
 7.56942172e-05 7.99484478e-05 8.61085864e-05 9.20604580e-05
 8.54388563e-05 7.01376994e-05 6.38672136e-05 6.41006700e-05
 6.72980459e-05 6.85900304e-05 7.06934807e-05 7.15228016e-05
 6.01290121e-05 4.03563390e-05 1.88256636e-05 5.60216495e-06
 1.13236149e-06 1.26032106e-07 6.45420384e-09 1.39128903e-10
 5.23816710e-12 4.40637110e-12 4.15254680e-12 3.92230866e-12
 3.74216283e-12 3.62044704e-12 3.50329314e-12 3.39704632e-12
 3.33990322e-12 3.25642378e-12 3.21319338e-12 3.18403572e-12]","[0.6111073  0.6076118  0.6179221  0.62762296 0.6391157  0.6573594
 0.68730783 0.7034422  0.6987811  0.67640334 0.63568026 0.6158413 ]",0
44,368,"[-4.4736749e+02  1.0432394e+02 -7.7766471e+00  2.3488024e+01
  8.4612465e+00 -2.4004223e+00 -6.3841572e+00 -1.6246552e+01
 -2.3806939e-01 -2.4545698e-01 -1.0120366e+01  1.9181284e+00
  2.5141327e+00 -8.1278744e+00  1.5542828e+00  2.4913027e+00
 -5.4873614e+00 -2.8546791e+00  4.9067408e-01  6.3123092e-02
 -2.3592408e+00 -7.2005677e-01 -6.3823557e-01 -1.2977985e+00
 -1.2622036e+00 -1.9698457e+00 -5.0264400e-01 -8.3226156e-01
 -9.2497736e-01  1.5929562e-01  7.9469347e-01 -5.4400420e-01
 -7.8846753e-01  4.9129254e-01  3.6200482e-02  3.2360998e-01
  1.3755517e-02  4.9414432e-01  7.3958176e-01 -8.5959390e-02]","[5.74983470e-02 1.59047730e-02 7.82836508e-03 2.83712521e-02
 1.73682094e-01 2.60118335e-01 2.09369212e-01 1.37660578e-01
 1.59364074e-01 2.62552708e-01 2.73811758e-01 2.58064747e-01
 2.47453883e-01 2.66778499e-01 3.77141416e-01 3.31099659e-01
 2.86882460e-01 2.65007675e-01 2.18366608e-01 2.46035174e-01
 2.18366981e-01 2.15333611e-01 2.58306563e-01 1.78349718e-01
 1.64897099e-01 1.50652021e-01 1.36517748e-01 9.93142202e-02
 7.15121776e-02 6.65979311e-02 4.91932742e-02 4.24136817e-02
 4.47690971e-02 4.03118543e-02 4.29578051e-02 3.84083129e-02
 3.38371657e-02 2.94726230e-02 2.30891984e-02 2.41726767e-02
 2.67041344e-02 2.79627591e-02 3.25961225e-02 2.38672886e-02
 2.15162393e-02 1.99506022e-02 2.03765556e-02 1.81508530e-02
 1.56938471e-02 1.56124281e-02 1.92200541e-02 2.03467477e-02
 1.73287075e-02 1.50946463e-02 1.59188025e-02 1.50093231e-02
 1.45390658e-02 1.21143311e-02 1.12329675e-02 1.06841046e-02
 9.25341342e-03 7.22824549e-03 7.38274539e-03 6.41104672e-03
 5.60442591e-03 5.36105176e-03 5.41802868e-03 4.80506895e-03
 4.35168203e-03 3.64193087e-03 2.68033659e-03 2.02737818e-03
 1.50675816e-03 1.05595530e-03 6.98524527e-04 4.97747911e-04
 3.51073948e-04 2.91561009e-04 2.81969202e-04 3.25222471e-04
 4.55989037e-04 6.20014442e-04 8.49078468e-04 1.00345793e-03
 1.15091261e-03 1.23373314e-03 1.29835110e-03 1.25032105e-03
 1.04516663e-03 7.75269233e-04 5.98296872e-04 4.80271148e-04
 3.79203295e-04 2.90135271e-04 2.26176096e-04 1.75625493e-04
 1.32053799e-04 1.00341618e-04 8.03581861e-05 6.33349482e-05
 4.83504082e-05 4.13916132e-05 3.62042338e-05 3.35755394e-05
 3.07795781e-05 2.66764164e-05 2.39327128e-05 2.08791353e-05
 1.72346590e-05 1.33790772e-05 6.48985861e-06 2.28799104e-06
 5.66891515e-07 7.46785886e-08 4.18985335e-09 8.42576356e-11
 4.95008656e-13 2.24533079e-13 2.02383954e-13 1.61280006e-13
 1.51844588e-13 1.74683334e-13 2.23948261e-13 2.50960467e-13
 1.67335289e-13 2.10896472e-13 2.00511225e-13 1.56561870e-13]","[0.60099655 0.6088252  0.59004235 0.5467831  0.50856614 0.5001142
 0.50297236 0.52611923 0.54559875 0.5636022  0.5892177  0.5932458 ]",0
45,369,"[-4.2993491e+02  6.7265015e+01  1.2096020e+01  1.4504012e+01
  2.1693754e+00 -3.1178970e+00 -2.7184827e+00 -2.5456879e+00
 -3.9860392e-01 -2.3089590e+00 -1.5633330e+00 -2.9547975e+00
 -1.7331792e+00  5.1666433e-01 -3.0292683e+00 -3.1772547e+00
  4.6852472e-01 -4.8164290e-01 -1.6523569e+00  3.5482991e-01
 -1.7150158e-01 -1.2659346e+00  6.4986415e-02  4.8456264e-01
 -4.9312064e-01  8.2484061e-01  1.2610822e+00  8.6789548e-01
  2.9390421e+00  2.5598977e+00  3.1351645e+00  5.3612084e+00
  5.4966750e+00  6.9846268e+00  7.7783785e+00  7.6253295e+00
  7.7268372e+00  5.9665251e+00  4.3792839e+00  3.2592857e+00]","[5.57217300e-01 3.32387358e-01 1.96637675e-01 1.48712397e-01
 1.02539837e-01 9.63563025e-02 3.13577175e-01 5.32289267e-01
 4.28049654e-01 3.54654372e-01 2.65115410e-01 2.77964234e-01
 3.07227045e-01 3.51390392e-01 4.07326847e-01 3.41770053e-01
 3.60068858e-01 4.40406740e-01 3.34647387e-01 4.77555692e-01
 3.89127493e-01 1.90447256e-01 2.22923800e-01 1.83017761e-01
 1.78847015e-01 1.63357794e-01 1.57487065e-01 1.74850315e-01
 1.57905892e-01 1.54411018e-01 1.33305967e-01 9.90832224e-02
 1.06146097e-01 9.13839415e-02 8.96509886e-02 8.24220181e-02
 7.23366961e-02 6.21583387e-02 4.71557714e-02 5.76231666e-02
 5.37649803e-02 4.99796681e-02 3.61916311e-02 2.78545748e-02
 2.09706221e-02 2.04192027e-02 1.87875740e-02 2.20052823e-02
 1.79887079e-02 1.37512786e-02 1.27482321e-02 1.31759271e-02
 9.39982012e-03 8.64468049e-03 8.52246955e-03 1.17683234e-02
 7.85359461e-03 7.10868603e-03 7.62650277e-03 6.62344415e-03
 7.81727210e-03 8.64093658e-03 8.29754770e-03 8.23312066e-03
 7.22397398e-03 6.64773677e-03 5.95052214e-03 3.32395104e-03
 2.43782694e-03 2.01801700e-03 1.92010496e-03 1.59694429e-03
 1.54916139e-03 1.51322142e-03 1.52122346e-03 1.56067114e-03
 1.80514820e-03 1.90895854e-03 2.16884608e-03 1.98474689e-03
 1.60999259e-03 1.39767607e-03 1.13757583e-03 8.93599179e-04
 7.70267157e-04 5.75811020e-04 6.28489710e-04 6.43239357e-04
 5.54676808e-04 7.51474465e-04 9.55658732e-04 1.23316038e-03
 1.25807326e-03 9.03437787e-04 6.16721984e-04 3.77071585e-04
 2.99322593e-04 2.58945016e-04 2.34558785e-04 2.17450986e-04
 1.99826856e-04 1.65572521e-04 1.30826593e-04 1.20729324e-04
 9.57653465e-05 7.27003135e-05 6.50818329e-05 4.81020579e-05
 4.27329942e-05 3.35138684e-05 1.98923317e-05 7.96195673e-06
 1.86740112e-06 2.50983049e-07 1.66685279e-08 3.91684463e-10
 6.46241350e-12 4.67260085e-12 4.29139363e-12 4.01500621e-12
 3.80583282e-12 3.66823412e-12 3.53170206e-12 3.43381942e-12
 3.38134165e-12 3.29585816e-12 3.19125867e-12 3.11027354e-12]","[0.47530258 0.48151985 0.47126064 0.4680059  0.47338706 0.5092164
 0.57383364 0.61737084 0.5817189  0.5235868  0.4913448  0.4771867 ]",0
46,370,"[-4.17454376e+02  1.23379074e+02 -9.79970619e-02  3.36520462e+01
  7.36487722e+00 -3.29907918e+00 -2.87930584e+00 -3.54030490e+00
 -1.17599888e+01  5.23059487e-01  1.04870119e+01 -6.11412573e+00
  5.06274271e+00  1.60720134e+00  7.62217104e-01  3.57268333e+00
 -5.13714457e+00  9.92295504e-01 -1.03058958e+00 -3.28422260e+00
 -1.99740791e+00 -1.55391490e+00 -3.52465391e+00 -3.37107253e+00
 -4.47455436e-01 -4.62018585e+00 -2.66845226e+00 -1.51706648e+00
 -2.36522102e+00 -1.82069910e+00 -1.81009150e+00  3.02101165e-01
 -1.77580178e+00 -7.33533204e-01  4.70496237e-01 -1.59622228e+00
 -1.23842907e+00 -9.33294892e-01 -9.58631456e-01 -2.01344132e+00]","[9.85063314e-02 4.29995060e-02 1.99678585e-01 6.07780993e-01
 4.27816868e-01 2.13702366e-01 2.44898185e-01 3.18359673e-01
 2.71967381e-01 2.20690116e-01 1.76224902e-01 1.74250573e-01
 2.05525413e-01 2.38197982e-01 3.05671573e-01 3.27095598e-01
 4.10953641e-01 4.30545986e-01 3.89228970e-01 3.94936383e-01
 3.78617674e-01 3.89044076e-01 4.06998158e-01 3.20744306e-01
 3.05112958e-01 2.54869938e-01 2.26942062e-01 2.06140727e-01
 1.20840721e-01 8.64059180e-02 5.94473891e-02 4.50381786e-02
 3.60399373e-02 2.59683635e-02 2.23881137e-02 2.29797028e-02
 1.96617395e-02 1.64467413e-02 1.40507072e-02 1.41606126e-02
 1.43889729e-02 1.55303422e-02 1.36957578e-02 1.35307107e-02
 1.39336903e-02 1.52207669e-02 1.56625025e-02 1.73300318e-02
 1.58915445e-02 1.48750870e-02 1.81587897e-02 1.73689276e-02
 1.48477340e-02 1.45949405e-02 1.39646688e-02 1.30440239e-02
 1.13979578e-02 9.34926234e-03 8.02711956e-03 6.45670807e-03
 5.46567841e-03 4.81779175e-03 4.16847505e-03 3.55204823e-03
 2.98682577e-03 2.56229425e-03 2.12168577e-03 1.90185267e-03
 1.87227351e-03 1.85998331e-03 1.96006009e-03 2.50104908e-03
 3.34502454e-03 4.89724707e-03 5.87608851e-03 6.13012584e-03
 4.57155006e-03 3.00921057e-03 2.17037136e-03 1.99251482e-03
 2.16222182e-03 2.36666831e-03 2.49982788e-03 2.53350521e-03
 2.24711793e-03 1.66597625e-03 1.21891359e-03 8.64199246e-04
 7.05880288e-04 5.84560330e-04 4.58565832e-04 4.35649068e-04
 4.17458679e-04 4.27740888e-04 4.61682910e-04 4.65216261e-04
 4.29264910e-04 4.55347908e-04 4.06252133e-04 3.51290830e-04
 3.15006560e-04 3.35991586e-04 3.38196085e-04 2.90148862e-04
 2.55357852e-04 2.10933256e-04 1.84763790e-04 1.52930224e-04
 1.01035148e-04 5.09612728e-05 2.01995226e-05 7.16980730e-06
 2.05491347e-06 2.60520522e-07 1.42067647e-08 3.72373771e-10
 3.68270995e-12 1.96351854e-12 1.79915826e-12 1.69999410e-12
 1.56203663e-12 1.50983078e-12 1.48762112e-12 1.40865152e-12
 1.32317421e-12 1.29256501e-12 1.29140383e-12 1.23807247e-12]","[0.5335211  0.54089344 0.55815357 0.5866448  0.6209345  0.6552881
 0.66737777 0.6835843  0.6668397  0.6369599  0.5927954  0.5530163 ]",0
47,371,"[-4.9092358e+02  1.2849155e+02  2.3746569e+01  2.8977711e+01
 -2.1723130e+00  1.9562897e+01 -2.3880873e+00 -3.3226929e+00
  8.6172848e+00 -3.0364108e+00  5.5057340e+00  7.4409688e-01
 -1.1490138e+00 -1.4310445e+00  1.7054726e+00 -1.9591779e-01
 -1.9572476e+00 -7.9161134e-03 -1.5826757e+00  9.8440504e-01
 -5.2810562e-01  1.8231702e+00 -1.4879551e+00 -7.2062927e-01
  2.4275301e+00 -1.5734910e+00  7.8885406e-01 -4.0999180e-01
 -9.1419899e-01 -2.7964666e-01 -5.6823567e-02  5.9817827e-01
 -1.0156183e+00 -9.8245764e-01 -1.1735932e+00 -3.9627233e-01
 -1.7191006e-01 -8.0915010e-01 -7.0148993e-01 -2.1400891e-01]","[2.79864490e-01 1.82665423e-01 5.30588150e-01 4.84687001e-01
 2.06904665e-01 3.71019959e-01 4.66801852e-01 2.74002016e-01
 2.33858585e-01 2.67442018e-01 2.22821906e-01 1.94217905e-01
 2.05030665e-01 1.63162112e-01 1.61977038e-01 1.81285158e-01
 1.94435924e-01 1.57439098e-01 1.45474434e-01 1.57638371e-01
 1.42007142e-01 1.40980646e-01 1.34295046e-01 9.74589586e-02
 8.55247676e-02 6.56259432e-02 5.20649068e-02 4.26779278e-02
 3.28084417e-02 2.65019424e-02 2.13527195e-02 1.80546548e-02
 1.54543826e-02 1.18506588e-02 1.07311355e-02 9.29513387e-03
 8.12783465e-03 7.48860557e-03 6.94909180e-03 6.50914758e-03
 6.09691488e-03 5.81676234e-03 6.05437718e-03 6.62888214e-03
 5.76394564e-03 4.39385604e-03 4.17460734e-03 4.81706066e-03
 5.76736405e-03 6.39963988e-03 6.72876649e-03 6.61962107e-03
 6.16479479e-03 4.57758596e-03 3.79816326e-03 2.76197260e-03
 2.25594733e-03 1.79232773e-03 1.48083980e-03 1.22374215e-03
 9.92939109e-04 7.77471811e-04 6.02804299e-04 5.44351817e-04
 4.70201398e-04 4.00914461e-04 3.47971276e-04 3.24198074e-04
 3.14242265e-04 3.11951793e-04 3.31497315e-04 3.76585056e-04
 3.65813728e-04 4.01009282e-04 3.73683724e-04 3.27776565e-04
 2.35805957e-04 1.84745120e-04 1.69606428e-04 1.68177707e-04
 1.96866211e-04 2.73171550e-04 3.21472151e-04 3.44051514e-04
 3.27691814e-04 3.27710703e-04 3.03203124e-04 2.80509557e-04
 2.81004730e-04 2.23111259e-04 1.85712342e-04 1.98729031e-04
 2.53392529e-04 2.86758732e-04 2.87810573e-04 2.70701072e-04
 2.62936781e-04 2.66918883e-04 2.47090094e-04 2.32398626e-04
 2.06217141e-04 1.73729466e-04 1.47205006e-04 1.66517682e-04
 1.88440114e-04 1.58416937e-04 1.32559304e-04 1.37475887e-04
 1.12670452e-04 5.82018583e-05 3.08916096e-05 1.29970504e-05
 3.26536315e-06 4.88684293e-07 2.89301116e-08 8.29515623e-10
 2.81499130e-12 3.14092258e-13 2.95606177e-13 2.78445236e-13
 2.66025564e-13 2.69311618e-13 2.90305811e-13 3.24665750e-13
 3.70215197e-13 3.18903703e-13 2.77068218e-13 2.47857263e-13]","[0.6605841  0.6821657  0.68772566 0.7197359  0.7477893  0.75273925
 0.7294141  0.70727384 0.6853017  0.66573936 0.6586963  0.651317  ]",0
48,372,"[-4.4515439e+02  8.4205269e+01  1.6209868e+00  2.0697458e+01
 -1.5067307e+00 -7.5343366e+00 -4.4331260e+00 -8.5037994e+00
  4.0674937e-01  6.7633289e-01 -2.5286944e+00 -2.2931170e+00
 -7.7851838e-01  1.5427489e+00  4.5397013e-01 -1.4120160e+00
  1.6892926e+00  6.2669504e-01 -4.5495364e-01  1.6834273e+00
  6.5025491e-01  8.6680889e-01  9.7334862e-01  1.9287505e+00
  1.4569157e+00  1.6278114e+00  2.8518803e+00  1.6049917e+00
  3.5499239e+00  4.0655079e+00  3.1470609e+00  4.0935035e+00
  4.4982071e+00  4.6011667e+00  4.8518682e+00  4.9836087e+00
  4.2849360e+00  3.9859326e+00  3.5876596e+00  2.9840002e+00]","[1.04398966e-01 4.16898914e-02 1.40987746e-02 8.61277152e-03
 7.38652935e-03 3.05811781e-02 1.24234535e-01 1.90133467e-01
 1.70703501e-01 1.56841025e-01 1.40174255e-01 1.54415205e-01
 1.86457753e-01 2.60000378e-01 3.26590180e-01 3.18191051e-01
 3.12364995e-01 2.83122420e-01 2.71347404e-01 2.38319859e-01
 2.01649711e-01 2.16674015e-01 2.52197921e-01 2.30519280e-01
 2.34703839e-01 2.16612428e-01 2.33606696e-01 2.46932968e-01
 1.94826245e-01 1.73790306e-01 1.56525716e-01 1.46891981e-01
 1.39906064e-01 1.05188817e-01 9.82271284e-02 8.20843726e-02
 6.66607767e-02 5.26341721e-02 3.59328203e-02 3.46313268e-02
 2.82945223e-02 2.56644655e-02 1.92185435e-02 1.41999600e-02
 1.28018623e-02 1.22721372e-02 1.32312970e-02 1.22471638e-02
 9.62492358e-03 7.95476791e-03 9.00196843e-03 1.08823748e-02
 1.23164095e-02 1.16341608e-02 1.15046650e-02 1.10845380e-02
 1.23758335e-02 1.29164243e-02 1.28884595e-02 1.28759909e-02
 1.44382371e-02 1.35074994e-02 1.29435770e-02 1.12255346e-02
 9.70851257e-03 7.43252411e-03 6.35687262e-03 5.04020695e-03
 4.20696149e-03 3.78744234e-03 3.38503812e-03 2.95214402e-03
 3.28140403e-03 3.15037323e-03 2.98385369e-03 3.19035468e-03
 3.31067876e-03 3.38014984e-03 3.21267266e-03 3.00145522e-03
 2.72162538e-03 2.39874655e-03 1.84612873e-03 1.35295780e-03
 1.10340246e-03 1.10411691e-03 1.05810957e-03 1.06178678e-03
 1.16456801e-03 1.15976704e-03 1.11703447e-03 9.63476487e-04
 8.39120592e-04 6.68731693e-04 5.52025915e-04 4.48688865e-04
 3.67570610e-04 2.92625598e-04 2.24114789e-04 1.57749149e-04
 1.05058200e-04 7.19446616e-05 5.39917237e-05 4.49718063e-05
 4.48011997e-05 4.82439100e-05 4.89254089e-05 4.16385337e-05
 3.49095062e-05 2.94153706e-05 1.91324780e-05 8.68840471e-06
 2.32283833e-06 3.02448370e-07 1.69138001e-08 3.42379097e-10
 1.26267584e-12 1.37520949e-13 1.18820616e-13 1.12056875e-13
 1.23179326e-13 1.90249604e-13 1.65358680e-13 1.51712315e-13
 1.03002940e-13 1.37143159e-13 1.44198279e-13 1.19619578e-13]","[0.56548655 0.55762357 0.5492337  0.5560617  0.56108665 0.5886762
 0.6329141  0.66175246 0.64682174 0.61568207 0.5939059  0.5804176 ]",1
49,374,"[-4.2525455e+02  9.8332260e+01  1.9779421e+00  2.0089453e+01
  8.7585106e+00 -5.3343310e+00 -4.4158630e+00 -2.0622637e+00
 -2.3101521e+00  7.5271529e-01  3.9567491e-01 -1.0954096e+00
  2.1287758e+00 -2.7794614e-01  3.8692896e+00 -1.3201691e+00
 -3.1127136e+00  3.7035451e+00 -2.2068903e+00 -2.4270425e+00
  6.4237344e-01 -9.1388977e-01 -1.7495651e+00  5.3505933e-01
  7.3556471e-01 -6.7240679e-01  8.4475827e-01  6.7702845e-02
  3.4117344e-01  3.4674980e-02 -5.9614313e-01  3.3878219e-01
  2.6732528e-01  4.0353513e-01  7.4382252e-01  1.6078050e+00
  1.5545777e+00  2.0447695e+00  2.3675311e+00  1.9423305e+00]","[6.78010643e-01 3.05569172e-01 1.69626951e-01 1.03856586e-01
 1.59279332e-01 3.30956846e-01 3.18558991e-01 2.24430576e-01
 1.40581205e-01 1.37376636e-01 1.92764327e-01 2.44166583e-01
 2.19721794e-01 1.89461529e-01 1.83649644e-01 1.72804356e-01
 2.27505788e-01 2.52288759e-01 2.63927728e-01 2.79336691e-01
 2.49280944e-01 2.87615240e-01 2.62548804e-01 1.96844071e-01
 1.68944955e-01 1.44058883e-01 1.44797221e-01 1.58012494e-01
 1.56780571e-01 1.40546367e-01 9.83776674e-02 7.13544488e-02
 7.44813755e-02 6.10912777e-02 5.53474575e-02 4.58963290e-02
 3.84163857e-02 3.29936147e-02 2.62294579e-02 2.27190722e-02
 2.05170661e-02 2.20179521e-02 2.20792573e-02 2.12006122e-02
 1.70613024e-02 1.53950024e-02 1.44457193e-02 1.58107933e-02
 1.66608896e-02 1.50146093e-02 1.53705133e-02 1.54686738e-02
 1.57490708e-02 1.75674837e-02 1.67456027e-02 1.48028228e-02
 1.32628586e-02 1.31434314e-02 1.25215435e-02 1.13280341e-02
 1.05818212e-02 1.07490327e-02 9.57227219e-03 9.80221760e-03
 7.61659164e-03 5.82462968e-03 5.38166007e-03 4.43959795e-03
 3.92569927e-03 3.66896391e-03 2.91901361e-03 3.00368923e-03
 3.01366858e-03 3.28929094e-03 3.05677904e-03 2.71487003e-03
 2.48729018e-03 2.35393574e-03 2.00751773e-03 1.44987658e-03
 9.56055708e-04 6.97235751e-04 5.60026267e-04 4.98909852e-04
 5.63082926e-04 6.31656905e-04 7.41045806e-04 8.66530405e-04
 9.06070345e-04 8.00459355e-04 5.53046702e-04 3.65562708e-04
 2.90021417e-04 2.28431105e-04 1.61931224e-04 1.06950079e-04
 8.83695029e-05 9.03978289e-05 9.44302665e-05 1.03331295e-04
 1.15369156e-04 1.16515759e-04 1.32332265e-04 1.52231354e-04
 1.58992494e-04 1.71862586e-04 1.41883909e-04 1.09619163e-04
 7.58996975e-05 5.48865974e-05 3.28683491e-05 1.13226733e-05
 2.45628212e-06 2.97001520e-07 1.75604349e-08 4.15873613e-10
 3.28113621e-12 1.85980571e-12 1.72893232e-12 1.62028117e-12
 1.53742871e-12 1.50139710e-12 1.44920957e-12 1.42347657e-12
 1.49718248e-12 1.36344245e-12 1.31884510e-12 1.27865221e-12]","[0.59084773 0.62097174 0.6425979  0.6468285  0.63474953 0.6235719
 0.6166546  0.60031986 0.59028167 0.6012653  0.603851   0.59876853]",0
50,375,"[-5.2941449e+02  7.5133667e+01  1.9314196e+01  2.3454830e+01
  1.2457102e+01  5.6560049e+00  5.8025038e-01  2.3339393e+00
  2.4120412e+00  1.7799125e+00  4.8006716e+00  1.0336237e+00
  2.5360203e+00  2.5408266e+00  2.7693624e+00  3.4995587e+00
  1.4214380e+00  2.1969669e+00  2.8733110e+00  1.5908983e+00
  2.9644409e-01  1.7572787e+00  6.7085415e-01  7.3667383e-01
  1.8204783e+00  5.3119147e-01  1.3132200e+00  1.2116055e+00
  1.9047092e+00  2.0958180e+00  1.8116513e+00  2.2821977e+00
  1.4915152e+00  2.0455365e+00  1.9138898e+00  1.4439987e+00
  1.7332369e+00  1.5776339e+00  1.5226640e+00  1.3715516e+00]","[5.41350245e-01 2.76699781e-01 1.75347731e-01 1.91574246e-01
 1.78712443e-01 1.04360841e-01 9.83639210e-02 1.25028744e-01
 1.20533340e-01 8.17115977e-02 4.44147959e-02 4.12761867e-02
 5.21260202e-02 5.66126779e-02 6.25553578e-02 5.80192134e-02
 5.95980212e-02 7.47973099e-02 5.94730116e-02 4.94294949e-02
 3.49173881e-02 3.89983878e-02 4.79418226e-02 4.16109078e-02
 4.50160466e-02 4.15160246e-02 4.00464609e-02 3.58607657e-02
 2.11825520e-02 1.58671457e-02 1.09421024e-02 6.75550569e-03
 5.68113150e-03 4.49800724e-03 4.37837513e-03 4.25160909e-03
 4.00376553e-03 3.91639955e-03 3.44275124e-03 3.58182145e-03
 3.73292225e-03 3.69679532e-03 3.14832176e-03 3.36540258e-03
 3.34467576e-03 3.10675101e-03 2.75370688e-03 2.59381067e-03
 2.12859316e-03 1.54487125e-03 1.89213967e-03 2.14639748e-03
 1.74456893e-03 2.00446206e-03 2.37811985e-03 1.92206772e-03
 2.01558042e-03 2.02790322e-03 1.78863818e-03 1.56301772e-03
 1.27824256e-03 1.16816710e-03 8.84529203e-04 7.54157372e-04
 7.38681294e-04 6.89400011e-04 6.33562042e-04 5.75587503e-04
 5.53686346e-04 5.41465939e-04 5.37178887e-04 5.78515464e-04
 5.72011224e-04 5.24703413e-04 5.40137582e-04 4.76787973e-04
 3.72114242e-04 2.47270131e-04 1.91730913e-04 1.47040366e-04
 1.33400521e-04 1.41646902e-04 1.47116065e-04 1.46360588e-04
 1.53263187e-04 1.37974232e-04 1.33663896e-04 1.36926450e-04
 1.25531486e-04 1.07720451e-04 8.87491915e-05 8.70210133e-05
 1.01310645e-04 1.23513630e-04 1.11152614e-04 1.07727516e-04
 1.15453091e-04 1.03908467e-04 8.03557341e-05 6.85776831e-05
 6.17619662e-05 5.16657274e-05 4.60401643e-05 3.83208680e-05
 3.48543472e-05 3.39450817e-05 3.12244738e-05 2.45133742e-05
 1.79804483e-05 1.07893438e-05 4.97688507e-06 1.67936162e-06
 4.02512597e-07 4.79634288e-08 3.21272697e-09 7.20057208e-11
 6.90360442e-12 6.15214910e-12 5.73207237e-12 5.39528361e-12
 5.11504207e-12 4.89912624e-12 4.72196717e-12 4.57945053e-12
 4.58391615e-12 4.37945383e-12 4.29131904e-12 4.24353868e-12]","[0.62292135 0.6187827  0.6255851  0.64212894 0.6609834  0.6837017
 0.67884505 0.7039202  0.7189538  0.6878472  0.66199416 0.64459383]",0
51,376,"[-4.4966101e+02  1.0814570e+02  1.0488186e+01  1.4506392e+01
  3.1126010e-01  7.3181744e+00 -9.0429802e+00  1.9303982e+00
  3.9306200e+00 -6.8264503e+00  1.6865708e+00 -7.9246969e+00
 -4.6744599e+00  2.1387860e-01 -1.6132342e+00 -3.9267859e+00
 -6.0110372e-01  3.1277602e+00 -8.3733863e-01  2.1286432e-01
  1.3274100e+00  6.4170277e-01 -1.9330080e+00  1.1810402e+00
  3.2128462e-01 -2.7795091e+00 -4.6218407e-01 -2.9635346e-01
  8.9249218e-01 -1.2395098e+00 -6.6101655e-02  1.4171318e+00
  1.1504399e+00  3.5814953e+00  4.6513581e+00  5.9883175e+00
  6.7582240e+00  7.8914671e+00  6.8674893e+00  5.8672309e+00]","[2.21137613e-01 9.14425924e-02 5.25055900e-02 2.47311816e-02
 2.41457149e-02 1.32540122e-01 6.05229914e-01 5.56885660e-01
 2.49611378e-01 1.63795158e-01 1.16467193e-01 1.27413318e-01
 3.02778721e-01 5.26210785e-01 5.40457845e-01 2.86648422e-01
 1.79676697e-01 1.47129536e-01 9.51784626e-02 9.80530754e-02
 1.32671714e-01 1.28685206e-01 1.23872943e-01 9.26159769e-02
 8.94611329e-02 1.03885055e-01 1.54792279e-01 2.10812807e-01
 1.79982081e-01 1.57548264e-01 1.21301353e-01 1.11684583e-01
 1.10399246e-01 9.57598090e-02 1.04038432e-01 1.00169271e-01
 7.31035322e-02 4.98837680e-02 3.01745813e-02 3.09628304e-02
 2.29409914e-02 2.01054141e-02 2.07869075e-02 1.90593824e-02
 1.89547874e-02 1.81025360e-02 1.96833778e-02 1.69344582e-02
 1.62887257e-02 1.41413882e-02 1.17785642e-02 1.11098494e-02
 1.12064546e-02 1.04606086e-02 1.11410618e-02 1.16468044e-02
 1.20953619e-02 9.70829185e-03 8.67502857e-03 7.70453084e-03
 6.71649817e-03 5.76850446e-03 4.65655513e-03 3.97137832e-03
 3.26386513e-03 2.41641421e-03 1.94698665e-03 1.83892134e-03
 1.27014762e-03 9.53032577e-04 8.93445278e-04 7.90022197e-04
 9.89925698e-04 1.22817920e-03 1.28270104e-03 1.16378756e-03
 9.22934094e-04 7.57918693e-04 5.87049988e-04 4.74969420e-04
 3.66981229e-04 2.48235156e-04 2.61781795e-04 2.57714244e-04
 2.69608980e-04 3.35077377e-04 4.21912700e-04 4.26834333e-04
 3.98977980e-04 4.84435266e-04 5.60496235e-04 6.52558636e-04
 7.28501123e-04 5.74498263e-04 4.04031336e-04 4.27524035e-04
 5.23750263e-04 5.26418909e-04 6.61311322e-04 7.44378951e-04
 6.90682267e-04 5.98079467e-04 5.81398723e-04 3.89386143e-04
 2.88593466e-04 2.46019539e-04 1.97426576e-04 1.75212976e-04
 1.27923166e-04 7.16457071e-05 3.59948972e-05 1.32288242e-05
 2.98092959e-06 3.74435785e-07 2.21926850e-08 3.93147875e-10
 3.57368163e-11 3.07950263e-11 2.79249297e-11 2.57171159e-11
 2.39361066e-11 2.25715505e-11 2.14380146e-11 2.05513471e-11
 1.97935661e-11 1.92816006e-11 1.88927415e-11 1.86252576e-11]","[0.49255675 0.48991147 0.47626692 0.50105155 0.56161594 0.63572115
 0.6668358  0.6286516  0.56908673 0.5209528  0.49935576 0.48709023]",1
52,379,"[-4.2247308e+02  1.0711134e+02  1.2632062e+01  3.3921749e+01
  1.0943184e+01  3.8056765e+00  1.5042869e+00 -6.2403216e+00
 -3.2652544e-03  7.5362903e-01 -2.2149134e+00  2.3145204e+00
  1.9682267e+00 -3.9662509e+00  5.1196051e+00  2.8388371e+00
 -2.3668046e+00  1.4190660e+00  2.6021314e-01 -3.2587850e-01
 -2.6574752e+00  2.1612202e-01  3.6819714e-01 -2.3922412e+00
 -2.4379279e-01 -5.1751167e-01 -1.2144371e+00 -1.4509444e+00
 -7.5262243e-01 -4.9645302e-01 -6.6325825e-01 -8.5048270e-01
 -7.3947704e-01 -2.9366693e-01 -7.3423475e-01  3.5878032e-02
 -5.5303384e-02 -2.9609364e-01  3.3785677e-01  1.8237300e-01]","[5.11478066e-01 1.83300808e-01 4.11827058e-01 4.99995261e-01
 2.28336632e-01 2.91471303e-01 5.91447294e-01 3.73757362e-01
 2.06643686e-01 2.52052426e-01 2.79575706e-01 2.50573397e-01
 3.04115176e-01 3.38360488e-01 3.23990285e-01 3.22032273e-01
 3.74069273e-01 3.28990191e-01 3.01894575e-01 3.17792296e-01
 2.69956976e-01 3.49588782e-01 3.76144141e-01 3.26338291e-01
 2.43203282e-01 1.91047534e-01 1.38945088e-01 9.59091410e-02
 6.02259189e-02 3.81382219e-02 2.55373120e-02 2.19107065e-02
 2.23040171e-02 1.66063141e-02 1.54657764e-02 1.53205171e-02
 1.51358377e-02 1.64866336e-02 1.29317762e-02 1.45874210e-02
 1.57540888e-02 1.72105078e-02 1.60825625e-02 1.59157626e-02
 1.51223186e-02 1.44238230e-02 1.41008878e-02 1.51477847e-02
 1.46303223e-02 1.18203890e-02 1.13567561e-02 1.16673019e-02
 9.67874844e-03 8.45964998e-03 7.65442336e-03 8.13673809e-03
 7.17041176e-03 6.33952813e-03 5.80787566e-03 4.96894727e-03
 3.81249422e-03 3.56577337e-03 3.09903990e-03 2.65973993e-03
 2.51571438e-03 1.84064836e-03 2.03487882e-03 2.47696275e-03
 2.28123856e-03 2.88029597e-03 2.57977052e-03 2.48496607e-03
 2.36744131e-03 1.89628836e-03 1.30176591e-03 8.90328141e-04
 6.94743125e-04 5.75007231e-04 6.02236600e-04 6.56788703e-04
 7.81737384e-04 1.03185419e-03 1.13916036e-03 1.16950099e-03
 1.28428149e-03 1.44464022e-03 1.56090758e-03 1.61756866e-03
 1.41452195e-03 1.14449742e-03 8.50474637e-04 6.88679051e-04
 8.21884838e-04 1.01035659e-03 9.75881296e-04 8.25032825e-04
 6.78846496e-04 5.45329298e-04 4.12306166e-04 3.24773951e-04
 2.66327726e-04 2.13712832e-04 2.01787916e-04 1.78900940e-04
 1.47168452e-04 1.49036190e-04 1.41090088e-04 1.04260565e-04
 7.01583631e-05 4.80621638e-05 2.87501534e-05 1.24667840e-05
 3.16842238e-06 4.23199907e-07 2.62490953e-08 6.00844707e-10
 2.00742808e-12 6.72096317e-14 8.74775106e-14 5.82051497e-14
 5.26926864e-14 8.81718675e-14 1.52087558e-13 1.91625822e-13
 2.50526352e-13 1.73007631e-13 1.68475653e-13 1.09899902e-13]","[0.6357373  0.6414729  0.6412105  0.64385915 0.6735965  0.7069357
 0.6843882  0.6522044  0.64392895 0.66070217 0.6481933  0.63527477]",0
53,380,"[-3.76403564e+02  8.90197449e+01  2.40744042e+00  2.21838150e+01
  5.32374525e+00  1.85509992e+00 -5.13064623e+00  1.80632159e-01
 -5.07205391e+00 -2.20963573e+00  4.89408016e+00 -3.53158712e+00
  2.85752416e+00 -2.08068371e+00  3.12071157e+00  6.66694343e-01
 -5.12733173e+00  4.93313122e+00 -6.87718689e-01 -2.29067683e+00
  2.37924561e-01 -1.12576115e+00 -2.00624800e+00 -1.36432433e+00
 -6.36838675e-01 -1.58187687e+00 -8.86869371e-01 -9.61094499e-01
 -2.92625133e-04 -7.17005968e-01 -7.17567146e-01 -3.62231165e-01
 -8.82665753e-01 -2.56573677e-01 -1.06076784e-01  1.63291380e-01
 -5.36008954e-01 -8.42614751e-03 -8.53379592e-02 -3.77925903e-01]","[4.7898170e-01 2.2812358e-01 1.7893998e-01 5.3102285e-01 6.4317095e-01
 4.3160206e-01 3.5011157e-01 4.7727358e-01 4.7844696e-01 4.4718170e-01
 3.6664698e-01 4.0894493e-01 4.5242345e-01 5.0561023e-01 6.5041882e-01
 6.9859219e-01 7.1651846e-01 7.2326857e-01 6.5494484e-01 6.4929938e-01
 5.5408430e-01 5.6334740e-01 5.9500384e-01 5.4527497e-01 5.3984714e-01
 4.9961624e-01 4.4661301e-01 4.5157734e-01 4.1987002e-01 3.8949293e-01
 3.3271590e-01 2.4228297e-01 2.0539415e-01 1.3990758e-01 1.2835790e-01
 1.1114216e-01 1.0080994e-01 9.7375460e-02 8.1611641e-02 8.1172176e-02
 7.2460197e-02 7.5870954e-02 7.9593316e-02 8.6378261e-02 8.6329497e-02
 8.6477205e-02 7.7494889e-02 7.6997578e-02 6.8962798e-02 5.6187339e-02
 5.0299410e-02 5.2113004e-02 4.9799543e-02 4.8793461e-02 4.7775380e-02
 4.7378685e-02 4.2875182e-02 3.7936118e-02 3.5952196e-02 3.2739986e-02
 2.9104033e-02 2.3302751e-02 2.0488882e-02 1.6148925e-02 1.3668316e-02
 1.1091094e-02 9.7075729e-03 8.8353781e-03 8.9600775e-03 9.7767906e-03
 1.0786970e-02 1.2387643e-02 1.3653581e-02 1.4743057e-02 1.4208474e-02
 1.2502773e-02 9.7047742e-03 6.3870507e-03 4.6206662e-03 3.6633557e-03
 3.1703545e-03 2.9509405e-03 2.7998455e-03 2.8135886e-03 2.7963761e-03
 2.9173940e-03 3.0024853e-03 2.9823459e-03 2.6512905e-03 2.1109823e-03
 1.6327171e-03 1.2375056e-03 9.5186022e-04 7.6170871e-04 6.4514531e-04
 6.2823825e-04 6.7509053e-04 8.3018054e-04 1.0109744e-03 1.2962500e-03
 1.6286013e-03 1.8702896e-03 2.1232397e-03 2.3240685e-03 2.4443946e-03
 2.5760126e-03 2.6005500e-03 2.5238658e-03 2.0024751e-03 1.1323768e-03
 4.8667056e-04 1.5486288e-04 3.3836965e-05 5.0772542e-06 3.4613257e-07
 7.4113036e-09 7.8391897e-11 4.8556600e-11 4.5192829e-11 4.2446272e-11
 4.0140304e-11 3.8441080e-11 3.7014274e-11 3.5808509e-11 3.4781695e-11
 3.3942512e-11 3.3357577e-11 3.2930977e-11]","[0.54529005 0.54329324 0.562752   0.59981555 0.6340377  0.64300406
 0.6530169  0.6651958  0.6560015  0.6292784  0.5987828  0.5714376 ]",1
54,383,"[-4.80269165e+02  7.86752625e+01  2.42771282e+01  2.68759022e+01
  1.66669807e+01  1.17204351e+01 -4.07840550e-01  3.66993666e-01
  3.95924520e+00 -2.13101298e-01  2.09823680e+00  7.42008351e-03
  1.51458132e+00  2.22388721e+00  2.85934353e+00  2.91682744e+00
 -7.02603877e-01  4.32621181e-01  1.18565130e+00 -1.00097549e+00
 -8.38448405e-01  3.64093810e-01 -9.40292358e-01  1.42414063e-01
  8.46403599e-01 -1.24789484e-01  2.85447359e-01  8.10455978e-02
  8.12126935e-01  2.62259424e-01  4.05793563e-02  5.86666822e-01
  1.08568631e-01  1.50101140e-01 -2.53353436e-02  3.21634978e-01
 -1.96668841e-02 -2.00652704e-01  6.71291113e-01  5.36011398e-01]","[2.13059694e-01 7.79511482e-02 8.08172077e-02 1.28170550e-01
 6.38149753e-02 5.39167635e-02 1.21705607e-01 1.19734205e-01
 5.72881773e-02 3.82336602e-02 4.09499258e-02 4.65653017e-02
 4.29128185e-02 3.98802161e-02 3.99456397e-02 4.26567867e-02
 4.13697883e-02 4.14216407e-02 4.44840230e-02 3.36852148e-02
 2.74947416e-02 2.15525851e-02 1.51878223e-02 1.45810964e-02
 1.45146959e-02 1.24460291e-02 7.88612943e-03 6.74929051e-03
 5.42787835e-03 3.44024948e-03 2.83735082e-03 2.49469141e-03
 2.10188515e-03 1.97050651e-03 2.19055777e-03 2.11100420e-03
 1.76382926e-03 1.83865230e-03 1.74585637e-03 1.80464855e-03
 1.55846530e-03 1.36217254e-03 1.30063621e-03 1.19848154e-03
 1.22087914e-03 1.19193050e-03 1.22265622e-03 1.15124392e-03
 1.14437845e-03 1.05595717e-03 1.14521815e-03 1.33946643e-03
 1.65482657e-03 1.65124098e-03 1.54231349e-03 1.22043199e-03
 1.16053969e-03 1.19938026e-03 1.06025604e-03 9.11627663e-04
 9.12904798e-04 7.34434638e-04 5.70603064e-04 5.33926417e-04
 4.67137259e-04 4.35792695e-04 3.60102742e-04 3.11165262e-04
 2.89589894e-04 2.82321154e-04 3.00433428e-04 3.43717664e-04
 3.87143431e-04 4.21180419e-04 3.99744255e-04 3.53284529e-04
 2.48174241e-04 2.05234930e-04 1.63297285e-04 1.64425423e-04
 1.85135432e-04 1.91994346e-04 1.94437016e-04 1.81179930e-04
 1.85474564e-04 1.87072947e-04 2.04220414e-04 2.05815610e-04
 1.76700778e-04 1.71991589e-04 1.51269094e-04 1.44356469e-04
 1.42344710e-04 1.42439050e-04 1.52350243e-04 1.50975480e-04
 1.66919286e-04 1.94688153e-04 1.99273243e-04 2.03598887e-04
 2.05689692e-04 1.94924069e-04 1.75143490e-04 1.65382662e-04
 1.61763470e-04 1.60326483e-04 1.38018790e-04 1.05300620e-04
 6.71710004e-05 3.76755488e-05 1.79076742e-05 6.61379545e-06
 1.75798982e-06 2.56299955e-07 1.39919480e-08 2.51037413e-10
 8.17949278e-13 1.22543008e-13 1.15975494e-13 1.10013012e-13
 1.05202935e-13 1.03918346e-13 1.08790872e-13 1.18262483e-13
 1.63556695e-13 1.23164554e-13 1.06368595e-13 1.00298859e-13]","[0.6125882  0.6232955  0.61940014 0.64131016 0.6615291  0.6896568
 0.7185627  0.7209743  0.67942005 0.6532286  0.63290673 0.6180868 ]",0
55,385,"[-5.5773474e+02  5.4640862e+01  2.0704161e+01  1.3433435e+01
  1.0949073e+01  8.5718145e+00  4.3994956e+00  2.4912086e+00
  1.9569565e+00  1.5096807e+00  1.0678759e+00  1.3191329e+00
  2.7695019e+00  1.0975580e+00  1.5091486e+00  2.5517151e+00
  1.0776430e+00  3.7500468e-01  6.9524264e-01  1.4103504e+00
  8.6008787e-01  5.3809088e-01  8.2817000e-01  1.2957792e+00
  1.7333778e+00  1.4079897e+00  1.0476097e+00  1.0488604e+00
  1.7767053e+00  2.0429049e+00  1.9071386e+00  1.8467948e+00
  1.7064362e+00  1.6320094e+00  1.7342300e+00  2.2958386e+00
  2.2342186e+00  2.0996876e+00  2.2352538e+00  2.0542634e+00]","[1.01409286e-01 5.73325530e-02 8.74711126e-02 1.97969928e-01
 9.02741700e-02 3.79875600e-02 6.54994100e-02 1.14636093e-01
 6.41014054e-02 4.13650945e-02 2.93152072e-02 2.81411093e-02
 3.04912087e-02 2.10609958e-02 4.02987748e-02 3.51031199e-02
 3.23691368e-02 2.02559736e-02 2.19300054e-02 3.74608152e-02
 3.66287641e-02 2.04949211e-02 1.55745605e-02 2.04131305e-02
 2.01945920e-02 1.36394566e-02 1.15005355e-02 9.97653324e-03
 7.24161789e-03 6.41646562e-03 1.04237879e-02 6.59966515e-03
 6.82220049e-03 7.91264046e-03 7.10404292e-03 6.57695252e-03
 5.71549218e-03 6.10707933e-03 6.25659712e-03 4.44790721e-03
 4.35412303e-03 4.88145975e-03 6.57580188e-03 5.68284094e-03
 9.07598250e-03 7.77307292e-03 7.53787998e-03 7.37740844e-03
 3.78186116e-03 5.04531665e-03 5.29441144e-03 4.88993619e-03
 3.16911587e-03 2.40301667e-03 1.98755111e-03 2.04188051e-03
 1.83654658e-03 1.77884870e-03 7.92366802e-04 8.09502904e-04
 1.14203803e-03 9.05876805e-04 9.03869339e-04 7.55592540e-04
 1.19097659e-03 9.02270549e-04 5.88577532e-04 8.96607467e-04
 1.04562426e-03 8.51855322e-04 5.30475460e-04 4.26213199e-04
 4.61854448e-04 3.70449299e-04 3.42547573e-04 3.05236463e-04
 1.76447371e-04 2.42107402e-04 2.68071744e-04 1.95147237e-04
 1.42391757e-04 1.48559920e-04 1.72232554e-04 1.77100213e-04
 3.42299783e-04 3.35780293e-04 3.07616836e-04 3.27904592e-04
 1.78933115e-04 1.89801824e-04 1.47738523e-04 2.08992191e-04
 1.64883968e-04 1.93178523e-04 1.22091238e-04 9.69870671e-05
 8.13179286e-05 9.55843425e-05 1.44838821e-04 1.85108598e-04
 1.44270860e-04 1.37965180e-04 1.04291998e-04 6.41746519e-05
 3.88206063e-05 4.65167577e-05 3.41914165e-05 2.81867724e-05
 2.85517781e-05 2.34068211e-05 8.90051342e-06 1.34933146e-06
 4.19546325e-07 8.71260610e-08 6.52356302e-09 2.09958273e-10
 2.76622936e-13 3.75648406e-14 3.87504766e-14 3.44123262e-14
 2.98557328e-14 3.14516412e-14 3.52989359e-14 4.40404041e-14
 7.23821908e-14 5.14803857e-14 4.27858398e-14 4.09537821e-14]","[0.6063643  0.60944104 0.5966438  0.61667013 0.6545427  0.6826122
 0.702542   0.71943736 0.67696536 0.6241119  0.6270038  0.62842333]",0
56,386,"[-4.6351822e+02  1.1270274e+02 -3.7259700e+00  1.4928478e+01
 -3.5160252e-01 -2.4318612e+00 -8.2395983e+00 -2.0302916e+00
 -2.9655380e+00 -1.7373184e+00 -2.4163635e-01 -5.9078488e+00
  1.8830652e+00 -1.0490181e+00  1.9839468e+00 -2.3654354e+00
 -2.3369672e+00  2.6939511e+00 -4.0418539e+00 -2.1115830e+00
 -4.4027707e-01 -1.5688260e+00 -2.0146298e+00  5.0236571e-01
 -1.1291379e+00 -2.1702695e+00  3.6605480e-01 -8.1822461e-01
 -2.7769858e-01 -3.3961716e-01  7.2403455e-01  1.1953336e+00
  1.4923121e+00  2.5834491e+00  3.0544524e+00  3.8173556e+00
  4.7858133e+00  6.4542990e+00  6.5815978e+00  7.2552319e+00]","[1.41582325e-01 5.89093640e-02 3.44821773e-02 2.26978492e-02
 2.57964041e-02 1.15727104e-01 2.49797061e-01 2.14149714e-01
 1.41045988e-01 1.01650178e-01 5.46132550e-02 7.68853948e-02
 1.77768648e-01 2.27689773e-01 2.44304001e-01 2.25107089e-01
 1.85606316e-01 2.09630787e-01 2.16429979e-01 2.48953119e-01
 2.35478729e-01 1.84494346e-01 1.86407164e-01 1.68764204e-01
 1.71810806e-01 1.52815342e-01 1.62264436e-01 1.94126174e-01
 1.67550370e-01 1.39340118e-01 1.31960064e-01 1.60060093e-01
 1.76553190e-01 1.62869841e-01 1.22353502e-01 7.93149397e-02
 6.22387268e-02 5.89224882e-02 4.66187224e-02 5.51859587e-02
 4.27082404e-02 3.04056723e-02 2.32021306e-02 2.46283673e-02
 2.66121738e-02 3.28376777e-02 3.12159359e-02 2.38161739e-02
 2.10722852e-02 2.05599982e-02 2.07483079e-02 2.24807356e-02
 2.08045579e-02 1.66312009e-02 1.87734626e-02 2.05298383e-02
 1.75534543e-02 1.31508615e-02 1.44253569e-02 1.47333480e-02
 1.22914761e-02 9.34226532e-03 9.43635032e-03 9.34716593e-03
 7.36384187e-03 5.39322197e-03 5.24161197e-03 3.85731971e-03
 3.29514430e-03 3.06468480e-03 2.41679326e-03 2.33028107e-03
 2.34868447e-03 2.47289636e-03 2.48153601e-03 2.42552091e-03
 2.27809604e-03 1.81469659e-03 1.45541423e-03 9.65524698e-04
 6.51065726e-04 5.11795050e-04 4.11864894e-04 3.83621315e-04
 3.01373919e-04 3.01361346e-04 3.02453816e-04 3.56880017e-04
 3.87720007e-04 4.53931862e-04 4.32222994e-04 3.68203910e-04
 2.70614575e-04 1.89960585e-04 1.76193163e-04 1.60371404e-04
 1.52773064e-04 1.51641201e-04 1.66192724e-04 1.89563056e-04
 1.93184227e-04 2.15127395e-04 2.23799056e-04 2.68520467e-04
 3.03827605e-04 2.83170841e-04 2.60599714e-04 2.38851659e-04
 2.07702018e-04 1.76247588e-04 1.24064158e-04 4.75399429e-05
 1.17765230e-05 1.60784703e-06 1.05601615e-07 2.16914242e-09
 6.32952154e-12 1.12790541e-13 1.05952600e-13 1.07984375e-13
 1.22721752e-13 1.57797671e-13 1.38345945e-13 1.28768727e-13
 1.08249469e-13 1.18668340e-13 1.15700716e-13 1.01332591e-13]","[0.51291597 0.4896682  0.47310203 0.51634085 0.5762078  0.6278617
 0.6082876  0.576537   0.5604627  0.5340197  0.51638913 0.5204356 ]",1
57,391,"[-5.3240625e+02  8.4395981e+01  1.4115814e+01  2.5264164e+01
  1.1092981e+01  8.7148170e+00 -2.7534455e-01  2.3235183e+00
  1.5963384e+00 -1.4655004e+00  2.1847239e+00 -3.5099988e+00
 -5.6503952e-02  8.4023148e-01  1.8034154e+00 -4.9979120e-01
  4.6694994e-01  4.5426731e+00  5.6818962e-01  2.5793529e+00
  2.8970726e+00  1.7941523e+00  2.0909090e+00  1.7994784e+00
  1.4149759e+00  1.0317622e+00  1.7285527e+00  1.3970910e+00
  1.9064784e+00  1.5972430e+00  2.1179407e+00  2.5248454e+00
  2.8972685e+00  3.0856063e+00  2.5233750e+00  3.8451803e+00
  4.0167780e+00  4.7426672e+00  5.0083427e+00  4.0422544e+00]","[2.89106935e-01 9.58074853e-02 4.15787734e-02 3.53262275e-02
 2.78366823e-02 5.56763038e-02 1.59009025e-01 1.92175716e-01
 1.54874086e-01 1.22268148e-01 1.01132013e-01 1.51734695e-01
 2.34274819e-01 2.81621039e-01 2.14512542e-01 1.15335017e-01
 8.20554942e-02 4.88024391e-02 3.86650860e-02 4.68865000e-02
 4.09293324e-02 3.38777751e-02 3.40237617e-02 3.94697450e-02
 6.44573048e-02 7.47931525e-02 6.93226829e-02 7.55544156e-02
 6.07392825e-02 5.05132675e-02 4.30533141e-02 4.30608392e-02
 4.53877747e-02 3.08732931e-02 2.51359101e-02 2.02772040e-02
 1.73645988e-02 1.39057944e-02 1.28209069e-02 1.12121208e-02
 9.48424358e-03 8.66549462e-03 7.43105495e-03 7.16691138e-03
 6.65357895e-03 7.42056035e-03 6.01009559e-03 6.23403210e-03
 6.24969788e-03 5.92713663e-03 5.53792715e-03 6.06369739e-03
 5.52229537e-03 5.85841900e-03 6.17273292e-03 7.56523386e-03
 9.30197164e-03 9.03971680e-03 7.37398351e-03 5.72383637e-03
 3.92123312e-03 3.69611336e-03 3.27240117e-03 2.72892881e-03
 2.38058367e-03 1.80696463e-03 1.23279286e-03 1.12056581e-03
 1.13266567e-03 1.24388060e-03 1.14680885e-03 9.09881666e-04
 9.32176365e-04 9.43218998e-04 1.00515643e-03 1.00539252e-03
 9.59614990e-04 9.27918009e-04 7.69671053e-04 4.63259959e-04
 3.16980557e-04 2.32394494e-04 1.94754131e-04 1.65230565e-04
 1.40857635e-04 1.63290824e-04 1.83274693e-04 2.25405631e-04
 2.67015013e-04 2.61558162e-04 2.20593720e-04 1.85934550e-04
 1.56056703e-04 1.07700122e-04 7.85508091e-05 7.43911005e-05
 7.61310584e-05 8.37600819e-05 1.03296145e-04 1.17094954e-04
 1.21698191e-04 1.07738866e-04 9.70247565e-05 6.39206119e-05
 4.38378156e-05 3.72926224e-05 3.99677883e-05 4.34731628e-05
 3.52868083e-05 2.15771979e-05 1.01767655e-05 4.17841966e-06
 1.31440493e-06 1.88893623e-07 1.00688915e-08 1.76144072e-10
 1.13527905e-12 6.27477399e-13 5.84904033e-13 5.49771383e-13
 5.23638912e-13 5.12666244e-13 5.01380729e-13 5.16935995e-13
 5.21905544e-13 4.97090867e-13 4.66120523e-13 4.40550103e-13]","[0.54949087 0.5417625  0.52686083 0.55296314 0.6056164  0.6512726
 0.6489389  0.6219284  0.6002466  0.57274365 0.5489426  0.54678136]",0
58,392,"[-5.1575122e+02  9.5310593e+01 -5.4916778e+00  2.3520716e+01
  3.8814533e+00 -2.4243499e-01 -5.3865018e+00 -4.7660270e+00
  3.3472064e+00 -5.1397266e+00 -1.4057119e+00  1.8363385e+00
  5.0424077e-02  3.1607597e+00  3.9441407e+00 -2.1213546e+00
  2.4556042e-01  1.4002612e+00 -2.0774951e+00 -6.9316608e-01
 -1.4263896e+00 -2.1061097e-01 -3.7967905e-01  5.4812711e-01
  1.3187757e+00  4.7268134e-01  2.2356193e+00  7.0701158e-01
  4.0645536e-02  1.2997466e+00  1.5167644e+00  1.9871563e+00
  2.3579173e+00  2.2127514e+00  3.0473998e+00  3.9475961e+00
  4.9718637e+00  6.3501024e+00  6.7124658e+00  8.0349255e+00]","[8.58414918e-02 3.55424285e-02 2.91710701e-02 4.98444065e-02
 2.76132096e-02 4.35361750e-02 1.01212136e-01 9.31961238e-02
 5.92924766e-02 3.54334041e-02 1.99582875e-02 2.43660677e-02
 6.10958599e-02 8.73446688e-02 9.13650617e-02 6.94939122e-02
 6.08844124e-02 6.18414618e-02 7.80973285e-02 1.02993168e-01
 8.33223611e-02 7.69486129e-02 6.05553053e-02 5.24332374e-02
 4.97935042e-02 4.26169038e-02 4.59324047e-02 5.43433204e-02
 6.46558776e-02 6.75114244e-02 7.33292624e-02 8.11175555e-02
 1.06768683e-01 6.58536479e-02 4.96775135e-02 3.00736558e-02
 2.36055460e-02 2.85179410e-02 2.31803115e-02 2.11318694e-02
 1.78545509e-02 1.40086925e-02 1.72712971e-02 1.20956497e-02
 1.00707104e-02 1.07861664e-02 1.26132965e-02 1.13760699e-02
 1.04885148e-02 8.67954921e-03 1.08062755e-02 1.33397188e-02
 1.40900118e-02 1.43647883e-02 1.40279355e-02 1.62522420e-02
 1.48489652e-02 1.40324393e-02 1.38016604e-02 9.63028986e-03
 7.82769732e-03 6.76265545e-03 5.92177548e-03 4.88331867e-03
 4.21742164e-03 3.76329338e-03 3.29704396e-03 3.31225432e-03
 2.70810281e-03 2.52431771e-03 2.27764854e-03 2.12535495e-03
 1.87681441e-03 1.60848617e-03 1.68847980e-03 2.02850276e-03
 2.05153995e-03 1.82419352e-03 1.46717718e-03 1.01299409e-03
 7.16415932e-04 5.13985928e-04 4.79473791e-04 3.59355414e-04
 3.53930460e-04 2.93116464e-04 2.68103380e-04 3.69476009e-04
 3.36716854e-04 4.13903239e-04 4.49895742e-04 3.68814683e-04
 3.97212134e-04 3.19595507e-04 3.10175004e-04 3.88591638e-04
 4.68267332e-04 4.99228889e-04 5.00718190e-04 4.43225668e-04
 3.68248991e-04 3.70473310e-04 3.45278881e-04 2.66979827e-04
 2.11566759e-04 1.51700544e-04 1.08271757e-04 9.24036285e-05
 6.49693902e-05 4.02392106e-05 1.98032503e-05 7.15071565e-06
 1.68401709e-06 1.98714659e-07 1.22509451e-08 2.32192099e-10
 4.34632365e-12 3.51441185e-12 3.28507295e-12 3.09306292e-12
 2.94237182e-12 2.82083948e-12 2.70677664e-12 2.62416022e-12
 2.56420362e-12 2.51432664e-12 2.48362355e-12 2.46309743e-12]","[0.61984    0.58364993 0.55126935 0.5567768  0.611175   0.64831424
 0.62063754 0.58007705 0.57295656 0.5609298  0.5451361  0.58539915]",0
59,393,"[-5.5744830e+02  6.8981949e+01  3.0060989e+01  2.1282696e+01
  1.2170809e+01  1.1988936e+01  2.2702644e+00 -1.5270873e-02
  3.9348300e+00  7.8551924e-01  1.9678596e+00  4.4769835e+00
  4.0791707e+00  2.0610759e+00  3.3433189e+00  3.7093511e+00
  2.8075318e+00  5.8852488e-01 -5.3082550e-01  2.6192057e+00
  1.1951481e+00  3.2555515e-01  2.6605775e+00  2.3636434e+00
  1.6361754e+00  1.6046145e+00  1.2453586e+00  1.4976577e+00
  1.7911656e+00  1.2513729e+00  1.8815398e+00  1.6487305e+00
  7.1325046e-01  1.0763942e+00  1.1113863e+00  9.6680421e-01
  1.1353297e+00  1.2438142e+00  1.2691401e+00  1.5037796e+00]","[1.0676277e-01 6.4970911e-02 6.0345884e-02 5.2063707e-02 5.9612155e-02
 3.5423223e-02 3.3741079e-02 4.2802200e-02 2.5309913e-02 1.6326124e-02
 1.7691508e-02 2.1696730e-02 2.2414939e-02 1.9159710e-02 2.1300426e-02
 2.0465164e-02 2.0868534e-02 2.5443174e-02 2.5891656e-02 2.1468496e-02
 2.1144262e-02 1.9537397e-02 1.3546230e-02 1.1742203e-02 1.0171883e-02
 6.3350606e-03 4.6066367e-03 4.0946687e-03 3.6895133e-03 3.2592961e-03
 2.4152952e-03 2.4351364e-03 1.9112792e-03 2.5303604e-03 2.5926521e-03
 1.6038418e-03 1.0342635e-03 8.6936733e-04 1.0903218e-03 1.3541267e-03
 1.6649428e-03 1.8940469e-03 2.0397776e-03 3.2888900e-03 4.0448839e-03
 3.3580698e-03 3.1672232e-03 2.4884834e-03 2.1249079e-03 2.0150295e-03
 1.8205355e-03 1.3999114e-03 1.8965430e-03 1.8203960e-03 1.5190929e-03
 1.1120846e-03 1.2184024e-03 1.3497439e-03 8.0149190e-04 6.3434977e-04
 6.3057931e-04 7.4679422e-04 7.4212434e-04 3.3794087e-04 3.5496792e-04
 4.7176710e-04 5.9245323e-04 8.1809878e-04 7.0038525e-04 4.6486247e-04
 7.1307173e-04 4.4104044e-04 2.7092954e-04 3.3012856e-04 4.5569937e-04
 4.0664923e-04 3.4947513e-04 3.8036454e-04 2.4964073e-04 3.7411848e-04
 2.7316052e-04 1.6646380e-04 1.7241214e-04 1.4896473e-04 1.6519653e-04
 2.9510661e-04 1.7279445e-04 1.1827209e-04 9.7306416e-05 1.5690750e-04
 2.6191692e-04 1.6898378e-04 1.6313767e-04 1.6511772e-04 1.8325371e-04
 1.3257501e-04 1.2457211e-04 1.4682038e-04 1.4077638e-04 1.2902258e-04
 1.7005425e-04 1.7810172e-04 1.6213265e-04 1.5576079e-04 1.2684413e-04
 9.6336429e-05 1.1385929e-04 1.0062480e-04 9.1005633e-05 6.6197630e-05
 3.1639825e-05 1.0813780e-05 2.6122987e-06 3.5434732e-07 2.3656497e-08
 4.2541345e-10 1.6733680e-12 5.1534124e-13 4.8291113e-13 4.5343793e-13
 4.3192744e-13 4.1461759e-13 4.0118045e-13 3.9497347e-13 4.0978183e-13
 3.8050485e-13 3.6600613e-13 3.5430933e-13]","[0.65403455 0.6734456  0.6567378  0.63964474 0.6495302  0.671143
 0.69152534 0.7164361  0.69183457 0.6458914  0.6326325  0.6479462 ]",0
60,397,"[-4.9580054e+02  1.1664925e+02  1.7049284e+01  2.0513414e+01
  1.2959771e+01  1.2322854e+01  1.4257051e+00 -1.1647350e+00
  3.8225773e-01 -4.4438968e+00  5.7241893e-01  3.1832501e-01
  3.0508177e+00 -2.7256128e-01 -1.8694034e+00  3.2374215e+00
 -2.1338837e-01 -1.4520546e+00  1.1006912e+00  1.1636702e+00
 -1.3321517e+00 -1.1233277e+00  1.1526331e+00  1.2849319e+00
 -4.2991209e-01 -6.4015996e-01  3.3011270e-01 -9.7978234e-01
 -1.2552874e-01  5.7147205e-01 -2.9927313e-01 -5.2129483e-01
 -1.0485277e+00 -2.1969278e-01 -4.0086669e-01 -1.1646553e+00
 -5.4720587e-01 -5.5704302e-01 -7.5569749e-01 -3.6795855e-01]","[1.79519892e-01 9.24911350e-02 1.43363222e-01 2.51840740e-01
 1.03227071e-01 4.94890995e-02 1.11293785e-01 1.57125816e-01
 1.12972528e-01 9.09172967e-02 8.37607309e-02 8.81310254e-02
 8.83058682e-02 7.46365413e-02 9.28698927e-02 9.53559279e-02
 1.02154285e-01 9.58814621e-02 8.42865333e-02 8.90366733e-02
 8.69316533e-02 6.98563308e-02 5.81218153e-02 4.42047380e-02
 3.22235152e-02 2.37439871e-02 1.82881821e-02 1.80773195e-02
 1.19588673e-02 8.77880305e-03 6.06020400e-03 5.78694139e-03
 5.26276277e-03 5.46054495e-03 6.16439478e-03 5.59430476e-03
 5.31992642e-03 7.16103194e-03 5.81381656e-03 6.09600078e-03
 6.68402202e-03 6.49431534e-03 5.80517808e-03 5.61416289e-03
 5.54785505e-03 4.24530590e-03 3.80686834e-03 3.65999201e-03
 3.48317274e-03 2.75531830e-03 2.70723621e-03 2.55181291e-03
 2.45222496e-03 2.40788562e-03 2.31574709e-03 2.52097473e-03
 2.08815676e-03 1.52917171e-03 1.38025556e-03 1.26853236e-03
 1.01124984e-03 1.02979271e-03 9.48337954e-04 8.17327178e-04
 7.44608697e-04 7.40081130e-04 8.10682250e-04 8.33517464e-04
 8.15067557e-04 9.23569605e-04 8.34042788e-04 7.08959531e-04
 5.46888332e-04 4.03383339e-04 3.35545512e-04 3.11546988e-04
 2.50493409e-04 2.37542976e-04 2.71393277e-04 2.85037910e-04
 3.02728498e-04 3.09540308e-04 2.90130061e-04 2.65883602e-04
 2.23472918e-04 1.77132606e-04 1.52041132e-04 1.29588632e-04
 1.39835465e-04 1.42809629e-04 1.52518885e-04 1.68926315e-04
 1.82547941e-04 2.06221055e-04 2.17541339e-04 2.08435333e-04
 2.08770827e-04 2.15856518e-04 2.18980887e-04 2.04236596e-04
 1.94231674e-04 1.83671757e-04 1.58578987e-04 1.28635409e-04
 9.99349795e-05 7.27200313e-05 5.53908176e-05 4.92476647e-05
 3.79870289e-05 2.59279277e-05 1.31113084e-05 4.76498644e-06
 1.03173159e-06 1.11009420e-07 6.39995879e-09 1.41091722e-10
 2.48045746e-12 1.88794748e-12 1.76461797e-12 1.65564014e-12
 1.57206962e-12 1.51054473e-12 1.46866286e-12 1.43809151e-12
 1.42781024e-12 1.37807289e-12 1.34779612e-12 1.32446723e-12]","[0.63925886 0.67996025 0.6834368  0.687372   0.6852244  0.700263
 0.68245995 0.6747249  0.6419976  0.6203978  0.6134957  0.6172467 ]",0
61,400,"[-4.82808899e+02  9.72975845e+01  2.53754616e+01  2.09999638e+01
  1.19995165e+01  1.37444067e+01  3.05123973e+00 -2.41549850e+00
  1.85891640e+00  5.80466725e-02  1.45699632e+00  4.81447905e-01
  1.76426196e+00 -8.13015521e-01 -1.41950452e+00  2.10896111e+00
 -3.04094076e-01 -1.40171218e+00  2.84766346e-01 -3.42575580e-01
 -1.45441973e+00  1.04197741e+00  1.18688190e+00 -7.53434360e-01
  6.58516526e-01  8.16041768e-01 -9.92728055e-01  7.32155859e-01
  1.57273698e+00 -9.99435186e-01  5.03488421e-01  9.79625642e-01
 -3.48594666e-01  4.48746622e-01 -2.96727210e-01 -2.55738020e-01
 -1.42426435e-02 -5.61163485e-01 -3.96109164e-01  9.65498481e-03]","[1.6134720e-01 9.5852382e-02 2.0344839e-01 9.7302020e-02 7.9906687e-02
 2.0531558e-01 1.4811899e-01 8.7419420e-02 1.3016300e-01 1.2241930e-01
 8.2838029e-02 7.1911216e-02 6.3444428e-02 6.2083174e-02 7.3682263e-02
 7.4048236e-02 7.6358035e-02 7.0886150e-02 7.3826820e-02 7.7058040e-02
 6.0514096e-02 5.8344137e-02 6.2958933e-02 4.9133744e-02 3.8560607e-02
 2.8152196e-02 2.2926789e-02 1.4457723e-02 9.0311980e-03 7.5818771e-03
 6.3649849e-03 4.9859374e-03 5.1466664e-03 4.6947231e-03 4.3365727e-03
 4.6073659e-03 4.3260609e-03 3.6751395e-03 3.7877832e-03 4.4837417e-03
 3.6396375e-03 3.8010024e-03 4.0659397e-03 3.9464692e-03 4.1648154e-03
 4.3306849e-03 4.1414537e-03 4.1343174e-03 3.4338590e-03 2.8303100e-03
 2.5854080e-03 2.4324348e-03 2.0950153e-03 1.9072478e-03 2.0520894e-03
 1.7128472e-03 1.3276779e-03 1.1873216e-03 1.0426362e-03 8.3829265e-04
 7.6832308e-04 6.2621757e-04 4.9900264e-04 4.1909728e-04 3.5727341e-04
 2.9929017e-04 2.7099691e-04 2.2533639e-04 1.8522007e-04 1.7524790e-04
 1.8300943e-04 2.0608543e-04 1.9805756e-04 1.7271687e-04 1.2301333e-04
 8.3210602e-05 5.7299527e-05 4.5680568e-05 4.9374306e-05 6.4071588e-05
 7.8992220e-05 9.9524594e-05 1.2806439e-04 1.6287841e-04 1.6720382e-04
 1.4302746e-04 1.0393414e-04 7.8373443e-05 7.5381846e-05 8.2943596e-05
 8.8909335e-05 9.3777329e-05 9.9444202e-05 1.1641141e-04 1.2739356e-04
 1.3667964e-04 1.4725076e-04 1.5021171e-04 1.5429243e-04 1.5051178e-04
 1.3822413e-04 1.2352056e-04 1.0528498e-04 7.4084477e-05 5.4286393e-05
 4.1593728e-05 3.2384298e-05 2.8762905e-05 2.4673638e-05 1.4852804e-05
 6.8965815e-06 2.3518148e-06 5.3350857e-07 6.7980935e-08 4.8239803e-09
 9.8675991e-11 5.5881222e-13 2.2072386e-13 2.0634536e-13 1.9259800e-13
 1.8278055e-13 1.8031354e-13 1.8806584e-13 1.9545247e-13 2.2274607e-13
 1.9450710e-13 1.7932273e-13 1.6835749e-13]","[0.6823263  0.6988419  0.7184103  0.739973   0.7195756  0.6935839
 0.669993   0.66696674 0.67105645 0.67835987 0.67714447 0.6833381 ]",0
62,401,"[-5.7074335e+02  9.9019295e+01  8.1042938e+00  1.6895353e+01
  7.0616493e+00  3.1825216e+00  1.7769738e+00  3.2292771e-01
 -1.2157125e+00 -4.5783228e-01  7.2621512e-01 -2.7141371e+00
  7.1827519e-01  1.2185977e+00  1.8729100e+00 -8.0970687e-01
 -2.0415878e+00  1.2759752e+00 -5.4808730e-01 -1.2348580e+00
  1.6849835e+00  1.7004071e+00 -9.3208164e-01  2.2722924e+00
  1.3566818e+00 -2.4378012e-01  2.4786642e+00  3.8642600e-01
  5.4941076e-01  8.5080320e-01  7.6774698e-01  2.2736592e+00
  2.6152904e+00  3.2727988e+00  3.5611987e+00  3.9344854e+00
  4.1363010e+00  4.6420817e+00  5.2546797e+00  5.3124223e+00]","[4.31588963e-02 1.82517394e-02 1.04633318e-02 5.88831166e-03
 4.42723837e-03 1.90087203e-02 3.59056406e-02 2.99221985e-02
 1.55240251e-02 1.20404102e-02 1.00791678e-02 9.21779405e-03
 1.57161914e-02 1.80777665e-02 1.65115371e-02 1.18782958e-02
 8.49264767e-03 5.86349238e-03 6.20441372e-03 8.61075800e-03
 8.03337526e-03 8.19563586e-03 7.21879443e-03 5.04401512e-03
 4.96779475e-03 3.96790169e-03 3.71238310e-03 4.75565903e-03
 4.05061524e-03 3.64656467e-03 3.60370521e-03 3.17601580e-03
 3.20511870e-03 3.28940013e-03 3.16104642e-03 2.94963131e-03
 3.08001740e-03 3.84829752e-03 3.37496260e-03 2.92941276e-03
 2.78013619e-03 2.19398970e-03 1.52590242e-03 1.60616369e-03
 1.21921452e-03 8.26890755e-04 9.78833879e-04 1.08014187e-03
 1.12267095e-03 8.50619224e-04 8.26183939e-04 9.38957499e-04
 1.17956556e-03 8.38295731e-04 6.21955958e-04 6.07842405e-04
 6.55178621e-04 5.03851508e-04 4.81935567e-04 4.17563861e-04
 4.04541963e-04 3.33513250e-04 2.67894851e-04 1.99774178e-04
 1.96332228e-04 1.72678585e-04 1.40692791e-04 1.23719103e-04
 1.12710753e-04 1.04891922e-04 1.02761805e-04 1.03240258e-04
 1.20252567e-04 1.25471925e-04 1.25079430e-04 1.24218146e-04
 1.07256084e-04 8.72309683e-05 7.02818215e-05 4.84942830e-05
 3.62737992e-05 2.69677657e-05 2.24036485e-05 2.06456989e-05
 2.20261682e-05 2.50988487e-05 2.90847911e-05 3.61509592e-05
 3.90870846e-05 3.28521564e-05 2.33476840e-05 1.84129512e-05
 1.62447795e-05 1.35054643e-05 1.13939896e-05 1.10402998e-05
 1.27042940e-05 1.38256974e-05 1.45667009e-05 1.53181973e-05
 1.52536695e-05 1.51143258e-05 1.41327173e-05 1.42173249e-05
 1.39115809e-05 1.60725940e-05 1.83513839e-05 1.57468694e-05
 1.07838960e-05 6.13996099e-06 3.36665676e-06 1.48107756e-06
 3.12006506e-07 3.46288722e-08 2.24071028e-09 5.57453389e-11
 2.21735851e-13 5.69685222e-15 5.79439188e-15 5.84514948e-15
 6.52359450e-15 6.25190148e-15 7.12973974e-15 9.85465236e-15
 1.68622152e-14 1.03171129e-14 7.00493367e-15 5.41042592e-15]","[0.56218857 0.5443824  0.54991126 0.5898     0.64822346 0.66218054
 0.634449   0.6140316  0.5980419  0.564423   0.55885035 0.5711664 ]",0
63,402,"[-4.7656479e+02  6.6841423e+01  1.9968550e+01  1.0238106e+01
  4.3662448e+00  5.1956873e+00  2.8716512e+00  6.4404535e-01
  2.8046348e+00  3.3755605e+00  2.4669766e+00 -1.0259417e+00
 -8.3764875e-01  2.8382671e-01 -1.3735722e-01 -2.0875444e+00
 -2.5230799e+00 -3.5348770e-01 -1.8119577e+00 -1.3199738e+00
 -5.0864959e-01 -1.9075861e+00 -8.6142248e-01 -5.1617956e-01
 -9.8047656e-01 -5.8347940e-01  1.1679261e-01  2.2847518e-01
  5.9811133e-01  9.5294285e-01  5.2340168e-01  1.0508565e+00
  1.3819807e+00  1.7940457e+00  2.4650514e+00  3.0589449e+00
  4.3689008e+00  5.3885241e+00  6.1125488e+00  6.0329862e+00]","[6.09682679e-01 2.48509347e-01 1.41769528e-01 1.16077356e-01
 1.14047766e-01 1.17649071e-01 2.07931221e-01 1.40364498e-01
 5.75663224e-02 3.87743562e-02 2.25204639e-02 2.28970218e-02
 2.99362745e-02 3.52462716e-02 2.93889064e-02 2.21103281e-02
 1.40456213e-02 1.23242652e-02 1.38264364e-02 2.29226984e-02
 2.64200214e-02 1.95208397e-02 1.71018243e-02 1.60884392e-02
 1.71462577e-02 1.57364383e-02 1.96591858e-02 2.12634187e-02
 1.82000212e-02 1.71742570e-02 1.15115177e-02 1.07977642e-02
 1.00721586e-02 6.96957111e-03 6.86567510e-03 5.81260351e-03
 6.45330502e-03 5.71742700e-03 4.19877283e-03 3.86774424e-03
 3.52606107e-03 3.15916096e-03 3.35736852e-03 3.64419725e-03
 2.96433829e-03 2.39563175e-03 2.92728166e-03 2.81042606e-03
 2.08131829e-03 1.61408039e-03 1.47436804e-03 1.50012213e-03
 2.12229509e-03 2.87314272e-03 3.89539916e-03 2.38063908e-03
 2.06907629e-03 1.89174723e-03 1.57237845e-03 1.06269983e-03
 9.83566861e-04 1.10774161e-03 1.72902539e-03 1.22667709e-03
 9.92416404e-04 1.15943258e-03 1.27441587e-03 1.09396735e-03
 9.31352610e-04 7.42600008e-04 5.59152628e-04 4.96801164e-04
 6.78822282e-04 7.41691561e-04 7.37068185e-04 9.00417508e-04
 6.80553436e-04 6.65662694e-04 5.76118880e-04 6.30317605e-04
 5.63729089e-04 3.43534542e-04 2.64811679e-04 2.16794477e-04
 1.99680202e-04 2.12951956e-04 1.90550432e-04 2.37821703e-04
 3.25497967e-04 3.22290784e-04 3.15464655e-04 3.08042567e-04
 2.91962293e-04 1.67982551e-04 1.25611085e-04 1.04579980e-04
 8.02028953e-05 6.19224083e-05 5.37357628e-05 5.84352711e-05
 6.20384380e-05 6.04406705e-05 6.01474530e-05 5.43192145e-05
 5.61355700e-05 5.00032911e-05 4.01880461e-05 2.43240193e-05
 1.02643444e-05 2.87331636e-06 4.79254879e-07 4.38684609e-08
 1.97156202e-09 1.20671334e-10 1.01172595e-11 1.52544015e-12
 1.12183212e-12 1.02422942e-12 9.44843813e-13 8.88429250e-13
 8.40230175e-13 8.06351351e-13 7.69140882e-13 7.52406221e-13
 8.82638851e-13 7.45410027e-13 7.00211482e-13 6.88202750e-13]","[0.57020164 0.5531029  0.54743034 0.5811836  0.66401434 0.72967213
 0.7193359  0.65797955 0.60128874 0.5720223  0.56701386 0.5744762 ]",1
64,409,"[-4.3190649e+02  1.0832034e+02  1.4246283e+00  2.5672398e+01
  2.3231216e-01  2.3485858e+00  6.2975364e+00 -6.4677248e+00
  1.0701665e+00  2.1150832e+00 -4.4238049e-01  2.6577928e+00
  2.3170269e+00 -1.8447797e+00  2.6140511e+00 -5.9537482e-01
 -3.7143738e+00  1.6892120e+00 -1.8042942e+00 -2.4392667e+00
  6.0254186e-01 -1.4238808e+00 -2.6428425e+00  8.3072299e-01
 -3.0832472e-01 -2.2416239e+00  8.8531071e-01 -4.5300600e-01
 -8.0954474e-01  6.8804920e-01  1.0970676e+00  9.2412424e-01
 -2.3986310e-01  3.8677454e-01  1.7899688e-02 -3.4290567e-01
 -1.1454762e-02 -4.5917058e-01 -3.8299006e-01 -9.7373866e-02]","[1.48906454e-01 4.63587418e-02 9.21031684e-02 2.23887250e-01
 1.08289503e-01 6.48634434e-02 2.30649561e-01 3.11396360e-01
 1.38198048e-01 8.30908641e-02 1.00232951e-01 1.15846984e-01
 9.45740864e-02 9.36832353e-02 1.35161191e-01 1.39478222e-01
 1.53958604e-01 1.97300062e-01 2.25313604e-01 1.99897885e-01
 1.90642908e-01 2.54908681e-01 2.80058742e-01 2.85866171e-01
 3.19005728e-01 3.01680416e-01 2.68433660e-01 2.44981796e-01
 2.03682825e-01 1.56457528e-01 9.88991410e-02 5.99649660e-02
 5.55598736e-02 4.48605679e-02 4.45376635e-02 3.74539159e-02
 3.63961793e-02 3.97387519e-02 4.39617112e-02 4.28575054e-02
 3.46038230e-02 3.62931192e-02 3.88851985e-02 3.83208133e-02
 3.68797667e-02 3.28844488e-02 3.31122205e-02 3.36505994e-02
 2.83932388e-02 2.51237378e-02 2.28723194e-02 2.28684340e-02
 2.13674512e-02 1.64499003e-02 1.64514147e-02 1.84612758e-02
 1.44035723e-02 1.24670984e-02 1.26509462e-02 9.60595440e-03
 7.30507262e-03 5.79406507e-03 4.94353380e-03 3.95056652e-03
 3.63606424e-03 3.26583604e-03 3.04194377e-03 2.84507405e-03
 2.76392139e-03 2.60757189e-03 2.68520461e-03 2.52899458e-03
 2.28733453e-03 2.33260402e-03 2.11209920e-03 2.38659373e-03
 2.17620376e-03 2.01444118e-03 1.52611511e-03 1.09190459e-03
 7.55210058e-04 6.55180018e-04 6.32125826e-04 7.50005012e-04
 1.06178015e-03 1.60436938e-03 2.36754096e-03 3.02797765e-03
 2.95470026e-03 2.11346755e-03 1.53244741e-03 1.13922963e-03
 7.22112658e-04 4.36909148e-04 2.66789284e-04 1.95035333e-04
 1.73090273e-04 1.55325804e-04 1.47587692e-04 1.34861970e-04
 1.21960205e-04 9.61262122e-05 8.22423608e-05 7.28643572e-05
 7.32979533e-05 6.47422567e-05 5.22651972e-05 4.57295173e-05
 3.62498504e-05 2.26785742e-05 1.14833774e-05 3.91817230e-06
 8.17503860e-07 1.01259872e-07 6.26522390e-09 1.31173739e-10
 3.30357530e-12 2.68748392e-12 2.51897244e-12 2.36352669e-12
 2.24274592e-12 2.18981278e-12 2.11161123e-12 2.04815852e-12
 2.01879312e-12 1.93441986e-12 1.90519822e-12 1.88516282e-12]","[0.64818263 0.64127433 0.66943634 0.6695885  0.68293715 0.6980037
 0.7214595  0.7170098  0.69388294 0.685584   0.6752489  0.6742171 ]",0
65,412,"[-4.8328494e+02  8.6036285e+01  2.5659008e+01  1.7900576e+01
  3.1034808e+00  8.9051933e+00 -1.1594661e+00  7.3692471e-01
  5.8075376e+00 -1.1977007e+00  5.9116602e+00  2.0184057e+00
 -1.1840533e+00  2.7979205e+00  2.9986155e+00  7.1686143e-01
 -1.7831398e+00  8.5214937e-01  9.6528864e-01 -1.6846634e+00
 -1.0999111e+00 -1.7073181e-01 -1.3976351e+00 -1.0790781e+00
 -4.6949872e-01 -9.8449749e-01 -1.0688074e+00 -1.0770222e+00
 -3.9553091e-01 -6.8821436e-01 -1.0115706e+00 -9.2674190e-01
 -7.9967254e-01 -7.9133981e-01 -8.1875986e-01 -5.8815593e-01
 -8.5649639e-01 -2.2012261e-01  5.5759348e-02  3.7860888e-01]","[3.54638547e-01 1.82824880e-01 1.58096433e-01 4.56699550e-01
 5.50754368e-01 2.10425392e-01 1.12424970e-01 6.86544105e-02
 7.91541636e-02 8.84991735e-02 5.82432151e-02 5.52590489e-02
 6.12584129e-02 7.85330832e-02 8.83830339e-02 7.63031244e-02
 6.34378865e-02 6.74926341e-02 7.29904622e-02 7.57678375e-02
 5.53853586e-02 5.60932234e-02 5.64023070e-02 5.75065911e-02
 6.01579398e-02 4.55135591e-02 4.07577977e-02 3.35235037e-02
 2.60026772e-02 2.23098397e-02 2.79146079e-02 2.05687154e-02
 2.69090049e-02 2.58294288e-02 1.42266704e-02 1.22083751e-02
 9.47705377e-03 8.32751766e-03 9.73883551e-03 8.62956420e-03
 8.21069628e-03 7.50898803e-03 6.85841171e-03 7.17632938e-03
 8.32690019e-03 1.01259304e-02 9.18866321e-03 9.39843431e-03
 6.56920671e-03 4.49630804e-03 3.31149157e-03 3.60215362e-03
 4.06173430e-03 4.49751364e-03 3.76593904e-03 3.58389970e-03
 3.17954295e-03 2.81226635e-03 2.40181154e-03 2.88250530e-03
 2.32687849e-03 2.13259435e-03 1.66821177e-03 1.90017431e-03
 1.59450702e-03 1.46562885e-03 1.36003434e-03 1.23388635e-03
 1.26770930e-03 9.47762572e-04 1.11054303e-03 1.33333041e-03
 1.67482928e-03 9.53549228e-04 9.08046786e-04 9.23855579e-04
 7.45994563e-04 7.62896496e-04 5.41252142e-04 5.09240839e-04
 5.61671040e-04 5.06926619e-04 4.46151680e-04 5.85073722e-04
 4.67597099e-04 4.71496518e-04 4.94694337e-04 4.44492121e-04
 4.31061548e-04 4.01625875e-04 4.25709441e-04 4.25806153e-04
 3.92298156e-04 3.48973204e-04 3.12584249e-04 3.88378248e-04
 4.66522120e-04 4.91034240e-04 4.13864909e-04 3.86845146e-04
 4.02627978e-04 4.54649737e-04 4.75534238e-04 3.30348761e-04
 2.57702748e-04 2.32962702e-04 2.49894336e-04 1.70798143e-04
 1.16937845e-04 9.49124878e-05 3.93554437e-05 1.74520737e-05
 4.60489173e-06 4.50457748e-07 3.64542814e-08 1.06310771e-09
 3.17945475e-12 1.70641753e-13 1.65073589e-13 1.49114404e-13
 1.54470512e-13 1.55073328e-13 1.53595886e-13 1.76342041e-13
 2.76319115e-13 1.69576362e-13 1.57954433e-13 1.42852920e-13]","[0.6459256  0.6342912  0.638463   0.65299594 0.6678273  0.6714879
 0.6531026  0.6420896  0.65141726 0.68338484 0.68101496 0.6652853 ]",1
66,414,"[-5.11227142e+02  1.02512146e+02  8.71205997e+00  2.15492725e+01
  2.12073946e+00  1.67896593e+00 -4.20623970e+00 -4.66940403e+00
  1.13995600e+00 -1.69247377e+00  3.27207625e-01 -2.66524434e+00
  1.98407263e-01  3.66602850e+00  1.76803672e+00 -2.15139198e+00
  9.00074661e-01  5.20803988e-01 -4.59915209e+00 -1.45451260e+00
 -1.16525781e+00 -1.36050463e+00  1.64297485e+00  2.31726599e+00
  2.40735888e-01  2.45021820e+00  3.75206661e+00  2.18392348e+00
  5.03192520e+00  6.36457682e+00  8.98346138e+00  1.08895350e+01
  9.78665829e+00  8.84294415e+00  5.68529654e+00  3.42332482e+00
  2.72918510e+00  1.61945677e+00  1.11232364e+00  1.54399002e+00]","[1.09634832e-01 4.47971784e-02 2.82451231e-02 1.74855739e-02
 1.19450735e-02 1.19916787e-02 6.04247190e-02 4.25553262e-01
 3.88424665e-01 1.69462100e-01 5.92263341e-02 2.50664521e-02
 1.80192050e-02 1.28139425e-02 5.93709461e-02 1.73445061e-01
 2.35657111e-01 1.65797800e-01 9.48785469e-02 7.34804273e-02
 4.72402088e-02 4.49505970e-02 7.32491985e-02 9.11845043e-02
 8.01886097e-02 5.10509871e-02 3.21364664e-02 2.30589416e-02
 2.23964136e-02 2.63771117e-02 3.35089937e-02 4.34374399e-02
 5.14214560e-02 3.87535021e-02 3.25811692e-02 2.11348496e-02
 1.47316437e-02 1.50514795e-02 1.58018358e-02 1.67970043e-02
 1.98365487e-02 1.51247438e-02 8.18323344e-03 5.42293768e-03
 5.10606728e-03 5.82517870e-03 5.55632450e-03 5.48733911e-03
 4.96255234e-03 4.16219654e-03 3.40628461e-03 3.43224290e-03
 3.01489839e-03 2.82601849e-03 2.61887675e-03 3.31642642e-03
 3.47604183e-03 3.44584603e-03 3.41471611e-03 3.11642513e-03
 2.41263676e-03 1.83101336e-03 1.67962688e-03 1.55197049e-03
 1.18429831e-03 9.58498800e-04 6.54319243e-04 5.97740640e-04
 4.72676853e-04 3.82594095e-04 3.49612907e-04 3.07403418e-04
 3.05434398e-04 3.70306137e-04 3.47204244e-04 3.73117393e-04
 4.29717038e-04 4.55303787e-04 4.29089938e-04 3.75215343e-04
 2.87463394e-04 2.35471467e-04 2.31178667e-04 1.67879101e-04
 1.57170114e-04 1.49056068e-04 1.40940479e-04 1.47876752e-04
 1.30836808e-04 1.49239335e-04 1.54750029e-04 1.64741257e-04
 1.46066071e-04 1.18514166e-04 8.48131240e-05 6.47631823e-05
 5.88083421e-05 5.85240268e-05 6.58385979e-05 7.69549952e-05
 7.12929250e-05 6.09051203e-05 5.80847518e-05 6.05040332e-05
 5.94816884e-05 5.64430375e-05 5.36351836e-05 4.86701101e-05
 3.86427382e-05 2.26151842e-05 1.21022249e-05 5.78277286e-06
 1.64008372e-06 2.56318771e-07 1.43960195e-08 2.46991677e-10
 3.68841069e-12 2.54003741e-12 2.36255395e-12 2.22612033e-12
 2.11602177e-12 2.02940182e-12 1.96642008e-12 1.89962737e-12
 1.85283256e-12 1.82732236e-12 1.77873580e-12 1.75180823e-12]","[0.52200896 0.49308395 0.47641945 0.48903945 0.48455483 0.47087273
 0.47422096 0.5400216  0.65516764 0.69321156 0.62130433 0.5551444 ]",1
67,415,"[-4.6304846e+02  7.4571877e+01  1.6700321e+01  1.6178864e+01
  1.0898563e+01  2.7477701e+00 -4.1273193e+00 -2.5549164e+00
 -1.8541799e+00 -3.2500515e+00 -2.7466717e+00 -1.2009834e+00
  8.6869907e-01 -1.1222142e+00  1.7930305e+00  7.0856822e-01
 -8.7441021e-01  1.8624300e+00  2.6184869e-01 -9.9897921e-01
 -1.0560559e-01  9.1580003e-01 -6.2310088e-01  5.8368725e-01
  1.0431244e+00 -4.8102951e-01  1.7889198e+00  1.9314648e+00
  1.1075540e+00  1.5027205e+00  2.1958852e+00  2.0902240e+00
  2.1627436e+00  2.3854997e+00  2.1108780e+00  3.0816069e+00
  3.2012568e+00  4.2317381e+00  4.8054042e+00  4.3331881e+00]","[5.21665514e-01 5.31360030e-01 1.17308326e-01 4.96418737e-02
 5.18618301e-02 1.17881469e-01 2.30508223e-01 2.06425533e-01
 1.83236420e-01 1.61938071e-01 8.32903162e-02 7.18485788e-02
 1.27440542e-01 1.49422869e-01 1.51153445e-01 1.41775832e-01
 1.06862098e-01 9.77850333e-02 1.18297316e-01 1.29439428e-01
 1.12360366e-01 7.31593892e-02 5.78169078e-02 4.75585014e-02
 4.31639440e-02 5.01374938e-02 5.53787276e-02 6.09475709e-02
 4.97355461e-02 4.72299717e-02 3.79194058e-02 2.74683069e-02
 2.36876011e-02 1.72924567e-02 1.81304943e-02 1.46753881e-02
 1.27400402e-02 1.38222836e-02 1.43887820e-02 1.52002759e-02
 1.26277730e-02 1.00614112e-02 7.76423933e-03 6.97148358e-03
 8.43614526e-03 9.70960688e-03 1.19949458e-02 1.14851268e-02
 8.31914507e-03 6.84226304e-03 6.55937428e-03 6.27855863e-03
 7.42376316e-03 6.08590618e-03 4.48137615e-03 4.23408905e-03
 4.37284214e-03 3.85595299e-03 4.09911619e-03 3.63393570e-03
 4.56703734e-03 4.78305202e-03 2.70282803e-03 2.55278661e-03
 2.51055625e-03 2.04848358e-03 1.89270556e-03 1.81995193e-03
 1.34529173e-03 1.15201774e-03 1.29563373e-03 1.11785973e-03
 1.04550645e-03 9.37331817e-04 8.27950833e-04 7.91049679e-04
 6.20957755e-04 4.23418096e-04 2.94086931e-04 2.18890695e-04
 1.56284907e-04 1.45150450e-04 1.37376410e-04 1.48010033e-04
 1.75258567e-04 1.96434528e-04 2.26388336e-04 2.47050135e-04
 2.25824057e-04 1.98564798e-04 1.44037956e-04 1.18568809e-04
 1.21590201e-04 1.22647427e-04 1.25905179e-04 1.25325911e-04
 9.69721368e-05 8.67354320e-05 7.49529354e-05 6.42542946e-05
 5.32060221e-05 5.71186101e-05 7.45511570e-05 7.66827798e-05
 7.02648540e-05 6.88064538e-05 6.66687338e-05 6.10807911e-05
 5.20463072e-05 4.12748523e-05 2.24144442e-05 7.81295057e-06
 1.55230907e-06 1.87407153e-07 1.07635518e-08 2.54596982e-10
 1.31278417e-11 1.14249608e-11 1.07050679e-11 1.01198893e-11
 9.63294201e-12 9.25297946e-12 8.93678274e-12 8.68250090e-12
 8.56497599e-12 8.31097517e-12 8.16409093e-12 8.07320443e-12]","[0.56901664 0.5599118  0.5330261  0.5605951  0.61406285 0.64961785
 0.61899805 0.5813885  0.58473444 0.5848946  0.5869256  0.5874392 ]",0
68,416,"[-4.75276001e+02  6.47129517e+01  1.42149544e+01  1.22942095e+01
  1.20266876e+01  4.36507177e+00 -1.59729517e+00 -1.56380534e-01
 -2.35990256e-01  3.29767764e-01  4.54422522e+00  3.23892260e+00
  8.42319906e-01 -1.96767390e-01  1.76080823e+00  2.58184004e+00
 -2.11048633e-01 -1.56033710e-01  2.04066062e+00  1.50927925e+00
 -5.66228271e-01  7.67400265e-01  1.06956887e+00 -1.00344026e+00
 -7.56558359e-01  3.32824647e-01  1.26452476e-04 -5.31335592e-01
  3.11412573e-01  6.64497495e-01  4.45237011e-01  3.17114592e-01
  6.69885516e-01  9.76847827e-01  1.52826816e-01  4.11908776e-01
  9.33320820e-01  6.70902073e-01  4.40225542e-01  4.39511478e-01]","[1.87286854e-01 7.71715045e-02 8.62975493e-02 1.12780415e-01
 6.25217408e-02 4.13654633e-02 5.37733771e-02 6.52759522e-02
 4.57523540e-02 3.38929370e-02 2.57641338e-02 2.71513611e-02
 2.84064971e-02 3.36541049e-02 4.66140918e-02 4.77436930e-02
 5.07806614e-02 3.54089774e-02 2.95038987e-02 3.26721184e-02
 2.94266902e-02 2.96929367e-02 3.31749953e-02 2.73764990e-02
 2.92770118e-02 2.33953893e-02 1.72323715e-02 1.19480370e-02
 8.74271244e-03 6.39041374e-03 5.04023349e-03 3.54791991e-03
 4.12642164e-03 4.50247293e-03 3.91571829e-03 3.45537253e-03
 3.64813930e-03 4.50347597e-03 4.13120259e-03 4.18374548e-03
 4.10080329e-03 5.39896032e-03 4.91921045e-03 4.22767503e-03
 4.65909438e-03 4.49366588e-03 4.54567652e-03 4.39957529e-03
 4.69027413e-03 4.18946240e-03 5.27933426e-03 4.41579148e-03
 3.67368502e-03 3.96294426e-03 4.03633015e-03 3.00023006e-03
 2.07520742e-03 2.15225597e-03 1.95869594e-03 1.85331318e-03
 1.56016927e-03 1.27687817e-03 1.07001013e-03 9.32219089e-04
 8.57524341e-04 7.76642526e-04 7.33650988e-04 8.77336075e-04
 1.03030459e-03 1.13722775e-03 1.09420903e-03 1.02525763e-03
 8.16876127e-04 5.83713816e-04 4.13315196e-04 3.17130558e-04
 2.86152645e-04 2.69778277e-04 2.41857066e-04 2.38816414e-04
 2.34228341e-04 2.42046939e-04 2.97641876e-04 2.59882974e-04
 1.98669921e-04 1.54506008e-04 1.19297918e-04 8.94865007e-05
 7.54682769e-05 7.67450183e-05 8.25849638e-05 7.91515049e-05
 7.85674129e-05 8.77549246e-05 8.11866339e-05 7.40244795e-05
 6.42415689e-05 6.72364840e-05 6.76258860e-05 6.61813610e-05
 5.55090628e-05 5.45590301e-05 4.69632250e-05 3.96167379e-05
 3.60129088e-05 2.65415911e-05 2.35100561e-05 2.37417735e-05
 2.15506589e-05 1.46511984e-05 7.26541612e-06 2.75628145e-06
 6.32000763e-07 6.91775810e-08 4.27055236e-09 1.21000113e-10
 7.88896617e-13 4.60164947e-13 4.41732452e-13 4.07605346e-13
 3.88112963e-13 3.77329651e-13 3.70560001e-13 3.63352171e-13
 3.96838405e-13 3.53723967e-13 3.41237265e-13 3.34515727e-13]","[0.5799849  0.61656207 0.64421487 0.6645624  0.67751145 0.6987891
 0.6834525  0.6892916  0.66455895 0.62357295 0.5891987  0.5780215 ]",0
69,419,"[-5.0331400e+02  1.0440210e+02 -4.1806297e+00  2.5967764e+01
  5.8008003e+00 -6.7464437e+00  9.7943437e-01 -8.2180853e+00
 -2.9033217e+00  1.3051694e-02 -4.2029076e+00 -7.5111032e-01
 -1.6546479e+00  1.4407408e+00  4.4218793e+00 -6.3237329e+00
  2.7403188e-01  4.6652703e+00 -5.2752891e+00  3.5719380e-01
  1.2067240e+00 -3.2296906e+00 -2.7494773e-01 -8.0933315e-01
 -1.3346373e+00  8.8080245e-01  1.0158862e+00  1.3717046e+00
  1.7697412e+00  7.5186872e-01  2.1745269e+00  2.2520926e+00
  1.3931601e+00  1.8980712e+00  2.0848019e+00  3.3751876e+00
  3.8692079e+00  4.5336499e+00  5.8081388e+00  6.3066764e+00]","[1.42699897e-01 5.69903553e-02 1.58928353e-02 6.02858141e-03
 7.24697625e-03 5.27976528e-02 1.16883971e-01 1.16466939e-01
 8.55134130e-02 5.63260168e-02 3.55790332e-02 6.00348450e-02
 1.14999227e-01 1.28327206e-01 9.74149853e-02 7.68340454e-02
 7.89927617e-02 9.38974023e-02 1.11841291e-01 1.01816796e-01
 6.62589073e-02 5.44824712e-02 4.12636250e-02 3.61793675e-02
 4.13670763e-02 4.60015573e-02 5.38158491e-02 4.83551845e-02
 4.52514403e-02 3.54437605e-02 2.94004772e-02 2.51360144e-02
 2.49261633e-02 2.10900679e-02 2.20869333e-02 1.82997566e-02
 1.42666735e-02 1.47369914e-02 1.26219001e-02 1.03824185e-02
 8.61134380e-03 7.57860113e-03 7.03571411e-03 6.58695027e-03
 5.79625834e-03 4.14171396e-03 4.20215540e-03 4.37417161e-03
 4.45565861e-03 4.08268301e-03 4.13586246e-03 4.01755050e-03
 3.97527171e-03 3.71514703e-03 3.51728918e-03 4.74613626e-03
 4.41248994e-03 3.91256344e-03 4.02188906e-03 4.43288125e-03
 3.65803181e-03 3.60856950e-03 3.04240477e-03 2.51443777e-03
 2.24456307e-03 1.93493848e-03 1.47959543e-03 1.18004577e-03
 1.03194569e-03 8.05015734e-04 6.63536426e-04 6.83179067e-04
 7.81807408e-04 8.87425442e-04 9.18863981e-04 1.14153605e-03
 1.19164202e-03 1.25099486e-03 1.07076182e-03 9.00311046e-04
 6.51787734e-04 4.48519713e-04 2.82235269e-04 1.95526023e-04
 1.30511224e-04 1.21910329e-04 1.15799361e-04 1.32525267e-04
 1.48384570e-04 1.76719841e-04 1.67129139e-04 1.84531469e-04
 1.78372458e-04 1.32482121e-04 7.29810781e-05 3.28789320e-05
 1.63115164e-05 1.01128289e-05 7.87567660e-06 7.85917928e-06
 8.09180347e-06 7.97330267e-06 7.61296587e-06 6.55912254e-06
 6.15625231e-06 6.17275919e-06 5.30272655e-06 4.48981564e-06
 3.58871034e-06 2.57536817e-06 1.57884665e-06 7.77224045e-07
 2.41893503e-07 3.66908495e-08 2.36882380e-09 6.11303369e-11
 1.06933065e-11 9.79716828e-12 9.23722210e-12 8.79567339e-12
 8.41839706e-12 8.11982946e-12 7.85891057e-12 7.64934296e-12
 7.48263777e-12 7.34679245e-12 7.24522482e-12 7.17333918e-12]","[0.5362131  0.4870577  0.46553648 0.5120716  0.57468307 0.59386903
 0.57659066 0.5441713  0.52409524 0.52371234 0.54552364 0.56970656]",0
70,423,"[-4.7678909e+02  9.0552750e+01  3.7437449e+00  2.4604834e+01
 -4.4457495e-01  9.1289371e-02 -2.1312461e+00 -6.3529119e+00
  3.7536347e-01 -9.5243329e-01 -7.6552480e-01 -2.1046212e+00
  3.8334119e+00  3.0885658e+00 -1.0173627e+00  1.0484395e+00
  1.0522555e+00 -1.9448730e+00 -3.6714095e-01 -7.7117950e-01
 -3.1196353e+00  4.4013694e-01 -2.0160067e+00 -1.2593544e+00
  6.0404137e-02 -1.3049053e+00  3.1635621e-01 -1.1355832e+00
 -5.5765575e-01 -1.7288152e+00 -1.3469912e+00 -2.9477870e-01
 -1.6465912e+00  1.6049775e-01  7.3352718e-01  1.4379113e+00
  2.9367340e+00  3.9164944e+00  4.6813006e+00  5.5607200e+00]","[1.60342932e-01 6.76160902e-02 3.57923359e-02 3.34564485e-02
 5.14454842e-02 1.13727108e-01 1.31744236e-01 6.62394837e-02
 3.81901897e-02 2.70227809e-02 2.96615753e-02 5.36456443e-02
 9.26057547e-02 9.51915234e-02 7.16855079e-02 4.77748327e-02
 4.04688530e-02 5.76407574e-02 9.20815766e-02 1.37819320e-01
 1.30024597e-01 7.61933103e-02 5.99424914e-02 5.05609736e-02
 5.61962724e-02 5.41974679e-02 4.83940616e-02 5.13164178e-02
 4.00806665e-02 4.73771952e-02 4.55234759e-02 3.25949639e-02
 3.15886550e-02 3.08251027e-02 2.73874812e-02 2.59834528e-02
 2.77735572e-02 2.65222937e-02 2.54227947e-02 2.73829233e-02
 2.50183344e-02 2.10918523e-02 2.04942059e-02 1.62289720e-02
 1.28285410e-02 1.09666521e-02 9.51052736e-03 9.52755939e-03
 9.86872707e-03 1.00610396e-02 8.05408414e-03 7.52352644e-03
 8.15839414e-03 7.72957643e-03 7.59691140e-03 8.75742082e-03
 7.27857277e-03 6.50143810e-03 7.27139879e-03 6.68591540e-03
 6.95622433e-03 6.66096201e-03 5.60214557e-03 4.09953482e-03
 4.31739725e-03 4.17512655e-03 3.13199870e-03 2.94651836e-03
 2.25673127e-03 1.96582894e-03 1.77316426e-03 1.22834649e-03
 1.22126774e-03 1.04132423e-03 1.02515530e-03 9.79747623e-04
 8.66215269e-04 9.28238733e-04 8.15031817e-04 8.01158545e-04
 8.00953247e-04 8.29451194e-04 7.71894585e-04 8.37923901e-04
 7.86051271e-04 7.36726215e-04 5.12932253e-04 3.88412445e-04
 3.62034480e-04 2.94032478e-04 2.84011767e-04 2.39477682e-04
 2.23857744e-04 2.28990961e-04 2.08580081e-04 1.77076319e-04
 1.76814239e-04 1.86279198e-04 2.04629163e-04 2.02676587e-04
 2.01267336e-04 1.86828678e-04 1.75773472e-04 1.46687045e-04
 1.14134054e-04 9.14557459e-05 7.09815577e-05 5.78539803e-05
 3.80998426e-05 2.04316948e-05 1.11068048e-05 4.77940102e-06
 1.32391347e-06 1.93980014e-07 1.32870142e-08 3.04444664e-10
 2.82244471e-11 2.51666587e-11 2.35093646e-11 2.21852831e-11
 2.10892762e-11 2.02130014e-11 1.94718998e-11 1.88560140e-11
 1.83918766e-11 1.79973293e-11 1.77356116e-11 1.75638098e-11]","[0.5936621  0.57321346 0.5518539  0.5842854  0.61914927 0.6284821
 0.6100314  0.59501123 0.583202   0.5666337  0.57261884 0.5924938 ]",0
71,425,"[-5.40513306e+02  9.14491196e+01  7.52922249e+00  1.31844215e+01
  1.07999001e+01 -2.74164706e-01 -5.08682537e+00 -2.71216601e-01
  2.43329453e+00 -2.44206047e+00 -3.80613184e+00 -3.96277928e+00
 -4.08166265e+00 -3.85511208e+00 -1.15022457e+00 -3.79053831e+00
 -4.05355930e+00  1.04845798e+00 -1.76094306e+00 -3.30491972e+00
  1.80929050e-01  6.46761298e-01 -1.53781725e-02  1.67700660e+00
  1.32016933e+00  5.02206564e-01  1.72018981e+00  1.27859569e+00
  7.75790811e-01  5.03227055e-01  1.05824244e+00  2.06836939e+00
  2.41925430e+00  3.72907925e+00  5.15379190e+00  6.10783863e+00
  7.40966558e+00  8.19999790e+00  6.82971525e+00  5.49576712e+00]","[3.43627110e-02 6.84383838e-03 3.08724237e-03 2.32860562e-03
 1.58803863e-03 1.42059224e-02 9.78528261e-02 1.00811906e-01
 5.87428696e-02 5.63876256e-02 4.41489480e-02 2.49567926e-02
 3.77071053e-02 4.74782288e-02 3.14067788e-02 1.57436654e-02
 1.19877132e-02 1.03890821e-02 1.08238785e-02 1.42096952e-02
 1.68604311e-02 2.06512641e-02 1.84542406e-02 1.04656778e-02
 9.68016125e-03 1.07893059e-02 1.43435895e-02 1.77697539e-02
 1.57240145e-02 1.47800790e-02 1.52468057e-02 1.27845155e-02
 1.07484609e-02 1.03297597e-02 8.65422655e-03 6.47679158e-03
 4.58117016e-03 3.78789380e-03 3.77598917e-03 2.91922572e-03
 2.80064112e-03 2.33927160e-03 1.89478393e-03 1.72018923e-03
 1.51543249e-03 1.12764072e-03 1.01814349e-03 1.23620196e-03
 1.33875199e-03 1.12113671e-03 7.73414853e-04 7.72368687e-04
 1.02963403e-03 8.84348701e-04 8.75443744e-04 1.24104577e-03
 1.70864863e-03 1.32668461e-03 1.01265928e-03 1.16689072e-03
 1.07090164e-03 8.84434092e-04 9.31941089e-04 7.95490399e-04
 5.86518901e-04 5.16571978e-04 4.33680485e-04 3.57676501e-04
 3.08853632e-04 2.47681863e-04 1.81707117e-04 1.67308899e-04
 1.62291282e-04 1.67404083e-04 1.97524045e-04 1.78965536e-04
 1.60553638e-04 1.04130857e-04 8.92412208e-05 4.96121538e-05
 3.51280069e-05 3.29915674e-05 3.80933343e-05 3.98340744e-05
 4.42242708e-05 5.08227604e-05 4.30584550e-05 4.18786221e-05
 3.63534637e-05 3.37256824e-05 3.22656088e-05 2.60322468e-05
 1.91695817e-05 1.57395843e-05 1.30546769e-05 1.18828593e-05
 1.09623970e-05 1.09593257e-05 1.04325127e-05 1.11982554e-05
 1.17987001e-05 1.10899946e-05 1.06146917e-05 1.04174651e-05
 9.18631758e-06 6.42459281e-06 4.84544262e-06 4.85711189e-06
 4.63759943e-06 2.98637474e-06 1.65879840e-06 5.98322686e-07
 1.53380711e-07 2.15651674e-08 1.37272593e-09 2.73188590e-11
 5.23532444e-13 4.07924400e-13 3.77862130e-13 3.55007365e-13
 3.36533373e-13 3.24810274e-13 3.12975828e-13 3.08444188e-13
 2.98066530e-13 2.98036037e-13 2.85683342e-13 2.79211170e-13]","[0.5153569  0.52380586 0.51208043 0.49372324 0.5212899  0.59731257
 0.64677805 0.61663616 0.56831884 0.53500885 0.5137434  0.50827426]",0
72,426,"[-4.9008746e+02  7.7475105e+01  2.8440987e+01  1.8734062e+01
  1.0784119e+01  8.3792400e+00  3.5084655e+00  1.7833616e+00
  8.7660724e-01  2.0365083e+00  4.5756140e+00  2.1597603e-01
 -9.9263012e-01 -1.4307071e+00  4.1331115e-01  1.2198195e+00
 -1.9599733e+00 -7.4029350e-01  6.9711792e-01 -7.3940210e-02
  1.4181556e-01  1.4734551e+00  1.0420815e+00  3.4845460e-02
  9.4038194e-01  1.4977487e+00  6.4884537e-01  6.1446798e-01
  1.3156850e+00  1.1022030e+00  1.5438548e+00  1.3753674e+00
  6.7656273e-01  4.8147076e-01 -5.3478785e-02  3.2016821e-02
 -1.8991695e-01 -5.3750557e-01 -7.9674143e-01 -1.0150317e+00]","[2.49772519e-01 1.08943097e-01 4.71424311e-02 1.39091775e-01
 1.32741034e-01 4.19307984e-02 2.93820202e-02 9.67652872e-02
 1.18787609e-01 8.07947293e-02 4.81895991e-02 3.97108346e-02
 3.21080461e-02 2.97635328e-02 3.32201682e-02 3.51449586e-02
 4.16652374e-02 3.41252089e-02 2.27388386e-02 2.17622388e-02
 2.21898537e-02 2.27239281e-02 2.24984400e-02 1.78426113e-02
 1.69451516e-02 1.42322434e-02 1.09523367e-02 9.75937024e-03
 8.32565408e-03 7.32860481e-03 5.71046863e-03 4.54489235e-03
 4.05249558e-03 3.95031460e-03 3.57372616e-03 2.46509700e-03
 2.45042588e-03 3.56651028e-03 3.33062722e-03 3.08002555e-03
 3.18134134e-03 3.45440488e-03 2.96413945e-03 2.81113386e-03
 2.38228682e-03 2.23961379e-03 2.61296867e-03 2.40253797e-03
 2.17156927e-03 1.94297975e-03 2.03906838e-03 2.28313589e-03
 2.42795306e-03 2.19425280e-03 1.71391189e-03 1.21313857e-03
 8.11285514e-04 7.24454410e-04 7.31153414e-04 6.81710837e-04
 6.68924011e-04 5.67718234e-04 4.85389377e-04 4.00942634e-04
 3.31410847e-04 3.70432885e-04 3.64714855e-04 3.56874254e-04
 3.14942503e-04 2.36798995e-04 2.32261882e-04 2.53549020e-04
 2.93385820e-04 2.62089801e-04 1.96622830e-04 2.15374967e-04
 2.27228084e-04 1.95826971e-04 1.97619505e-04 1.32400397e-04
 1.15768686e-04 1.73105611e-04 1.84128003e-04 1.80914416e-04
 1.69686406e-04 1.72748652e-04 1.56010385e-04 1.11307534e-04
 8.36946128e-05 7.03974292e-05 7.04881895e-05 5.88730327e-05
 5.10020400e-05 4.29377033e-05 3.91037065e-05 3.89191882e-05
 4.02350670e-05 4.38271309e-05 5.30034740e-05 6.44446263e-05
 6.51213559e-05 8.07275719e-05 8.56161714e-05 7.57038215e-05
 6.12391377e-05 4.99986018e-05 3.32863783e-05 2.60782490e-05
 1.85307890e-05 1.24871804e-05 7.69192320e-06 3.48306298e-06
 8.87234876e-07 1.07865787e-07 7.41975992e-09 1.78143264e-10
 2.07731445e-12 1.40633913e-12 1.31190675e-12 1.23590667e-12
 1.17356147e-12 1.12570836e-12 1.08865738e-12 1.06257678e-12
 1.08809478e-12 1.02679334e-12 9.93147079e-13 9.77518630e-13]","[0.62543935 0.643281   0.6530538  0.66599584 0.6660558  0.66645753
 0.6452087  0.6630838  0.7040437  0.7296781  0.70408505 0.65586764]",1
73,427,"[-5.4415833e+02  5.9080242e+01  1.9534271e+01  1.2315041e+01
  8.9224281e+00  4.1229229e+00 -8.5504144e-02  2.2906880e+00
  3.8930745e+00  3.6158202e+00  3.6268244e+00  8.6627817e-01
  2.6061690e+00  3.5614872e+00  7.4480605e-01 -7.0110750e-01
 -3.2403901e-01 -5.5483383e-01 -2.6060123e+00 -3.0156543e+00
 -1.7585301e+00 -1.3242844e+00 -1.3127254e+00  2.5771585e-01
  9.0244788e-01  2.4468148e-02  5.2525330e-01  1.1048338e+00
  6.9970685e-01  9.8183975e-02  4.0411395e-01  6.0218936e-01
  4.0473261e-01  5.8985579e-01  8.6389643e-01  1.3457063e+00
  1.5123163e+00  2.0348120e+00  2.5424640e+00  2.5834734e+00]","[1.1619653e-01 3.4892742e-02 1.7956560e-02 8.2864426e-03 1.6025193e-02
 3.3973325e-02 2.3990190e-02 1.3054845e-02 6.4406064e-03 4.2817690e-03
 4.5818901e-03 5.4483949e-03 4.6721962e-03 2.9605145e-03 1.9872342e-03
 2.6453359e-03 4.9495008e-03 7.5757965e-03 7.4605471e-03 6.8051107e-03
 5.5143572e-03 5.0260769e-03 4.9288329e-03 3.5604173e-03 2.7573537e-03
 1.9181621e-03 1.9779177e-03 2.0558184e-03 1.6400081e-03 1.5297126e-03
 1.3077217e-03 1.0680424e-03 9.3161297e-04 7.8651955e-04 7.4170087e-04
 5.6449673e-04 4.9318379e-04 4.6718252e-04 3.9103549e-04 4.3697617e-04
 4.2806281e-04 4.1502784e-04 3.5681686e-04 3.1696673e-04 2.9509829e-04
 2.8304383e-04 2.6780195e-04 2.4249316e-04 2.5075543e-04 2.3151663e-04
 2.1322684e-04 1.8623297e-04 1.8625634e-04 2.0744502e-04 2.5261944e-04
 2.1195407e-04 1.7885040e-04 1.7426990e-04 1.8179588e-04 1.7132974e-04
 1.6168049e-04 1.5141509e-04 1.4018279e-04 1.4281916e-04 1.2643989e-04
 1.2000945e-04 9.0191330e-05 8.5893706e-05 6.6907625e-05 4.4952787e-05
 4.0262617e-05 4.3339744e-05 4.3832657e-05 4.7992326e-05 4.5992751e-05
 4.7932943e-05 5.2495827e-05 5.2366933e-05 4.4424862e-05 3.3923840e-05
 2.7280459e-05 2.4066872e-05 2.0448166e-05 1.9190054e-05 1.9387604e-05
 2.2944756e-05 2.0459549e-05 1.9447345e-05 1.5350763e-05 1.2227835e-05
 1.0176699e-05 8.0544451e-06 9.9796498e-06 1.1298681e-05 1.1832980e-05
 1.2631668e-05 1.4415193e-05 1.5175353e-05 1.6394599e-05 1.7328139e-05
 1.5604663e-05 1.5270256e-05 1.3333781e-05 1.0755005e-05 1.0105605e-05
 7.4944119e-06 5.0301160e-06 4.7924977e-06 4.5330275e-06 3.2613070e-06
 1.7681884e-06 5.6919566e-07 1.1861078e-07 1.3643557e-08 8.1383716e-10
 1.7412157e-11 1.5054975e-13 8.7872973e-14 8.0505718e-14 7.5376025e-14
 7.1378829e-14 6.8551786e-14 6.6132321e-14 6.4751901e-14 8.9990407e-14
 6.5463328e-14 6.0006179e-14 5.9014527e-14]","[0.6153823  0.6505224  0.6681916  0.67867935 0.6737307  0.6565412
 0.6204289  0.60733426 0.61732256 0.6348399  0.63109004 0.62103003]",0
74,428,"[-4.90235779e+02  8.82712784e+01  1.43705673e+01  1.73448048e+01
  1.22502956e+01  2.34742785e+00 -4.08580923e+00  6.02118764e-03
  1.76589215e+00 -2.58418536e+00 -1.86558819e+00 -8.15710068e-01
 -1.19790308e-01 -2.76766419e+00 -1.13637835e-01  6.16906762e-01
 -2.21894360e+00  2.27914885e-01  5.31320274e-01  7.45768175e-02
  2.14416713e-01  8.03629458e-01  7.64903247e-01  3.25263858e-01
  1.01596034e+00 -5.97800493e-01 -8.06586921e-01  4.41743493e-01
 -8.09083402e-01 -1.15951085e+00 -4.98859137e-01 -8.00196826e-01
 -8.15766811e-01 -5.09624004e-01  4.98086065e-02  5.85539229e-02
 -1.51759669e-01  2.45109022e-01 -3.80757079e-02 -3.46604586e-01]","[5.4353051e-02 3.4794107e-02 2.2448231e-02 5.6977522e-02 1.1896528e-01
 6.6406652e-02 5.9979096e-02 6.6453747e-02 1.0762469e-01 1.7312478e-01
 1.2564935e-01 1.2985866e-01 1.3083488e-01 1.3391562e-01 9.3023188e-02
 5.3778980e-02 5.7975929e-02 7.5005412e-02 7.4215770e-02 7.6651238e-02
 7.1868330e-02 6.4346731e-02 5.5462614e-02 5.3310383e-02 4.7889594e-02
 4.4337872e-02 3.6923397e-02 3.4213223e-02 2.8928708e-02 2.6619509e-02
 2.3264533e-02 1.8510971e-02 1.3206129e-02 9.6942401e-03 1.1384196e-02
 1.2402726e-02 1.1085473e-02 1.0863351e-02 1.0121307e-02 1.3872426e-02
 1.4323520e-02 1.4488926e-02 1.5498328e-02 1.4588974e-02 1.6138200e-02
 9.5227007e-03 7.2719236e-03 7.8475513e-03 7.9921214e-03 5.4923645e-03
 4.6090446e-03 6.0371240e-03 5.0935652e-03 3.6744894e-03 4.2990935e-03
 3.2358370e-03 2.6134050e-03 2.6281518e-03 2.3639400e-03 1.9507098e-03
 1.9814824e-03 1.7453206e-03 1.8664509e-03 1.9198818e-03 1.9066535e-03
 3.8833511e-03 2.6352382e-03 2.1540218e-03 1.9848591e-03 1.5880159e-03
 1.2103287e-03 9.5232198e-04 6.2329305e-04 5.6187663e-04 5.1767530e-04
 4.7793714e-04 4.9147563e-04 3.4620182e-04 2.3798549e-04 1.8559422e-04
 2.2314339e-04 4.9934787e-04 9.9209521e-04 1.0913250e-03 5.3631421e-04
 4.3900768e-04 3.7729676e-04 2.9863865e-04 2.6024538e-04 1.5215417e-04
 1.5439166e-04 1.6027635e-04 2.0723665e-04 2.3004902e-04 2.2715956e-04
 2.0206433e-04 2.0931702e-04 1.9487116e-04 2.0721690e-04 3.0255257e-04
 4.4140028e-04 4.4756086e-04 2.4409356e-04 1.8199376e-04 3.0132526e-04
 2.1370390e-04 1.2039483e-04 2.5099237e-04 4.5607044e-04 3.3057350e-04
 1.0990100e-04 3.0293331e-05 7.2008893e-06 1.2777216e-06 6.0161462e-08
 1.5104994e-09 7.0934153e-12 2.4903760e-12 2.3100953e-12 2.1705092e-12
 2.0620784e-12 1.9973426e-12 1.9449455e-12 1.8938314e-12 1.7933770e-12
 1.7855174e-12 1.7424037e-12 1.7158863e-12]","[0.6493321  0.64033055 0.6140647  0.60412425 0.61723685 0.62882125
 0.62423486 0.60015583 0.58980244 0.6175313  0.66358936 0.6680069 ]",0
75,429,"[-5.3770258e+02  1.0840996e+02  7.0637131e+00  2.4623940e+01
 -2.3838131e+00  1.3609335e+01 -6.0154948e+00  3.1551032e+00
  4.9214082e+00 -5.2379427e+00  6.4734225e+00 -3.7890949e+00
 -1.3971107e+00 -3.8143137e+00  9.9433696e-01  1.3243976e-01
 -4.2620993e+00  1.3737742e+00  6.9716388e-01  2.6027789e+00
 -3.3924082e-01  1.8516388e+00  1.9251333e+00  2.7325374e-01
  2.1552525e+00  9.9408484e-01  8.5945570e-01 -1.6095079e-01
 -7.8170383e-01 -7.6399547e-01  2.9243696e-01 -8.2384282e-01
 -8.3143604e-01 -6.3575590e-01 -2.2842431e-01  6.4715236e-01
 -4.0758374e-01  1.3412485e+00  3.7516883e-01 -1.2265177e-01]","[4.04493958e-02 5.65450639e-03 3.62081639e-03 3.55188772e-02
 9.65182036e-02 6.70482218e-02 3.49541679e-02 2.30108015e-02
 3.19802575e-02 6.54510260e-02 7.33765587e-02 7.32221231e-02
 5.10859378e-02 3.24438773e-02 2.60968544e-02 2.31828429e-02
 2.24591661e-02 2.13877261e-02 2.17126384e-02 3.05201355e-02
 3.39181758e-02 3.33401449e-02 4.62385863e-02 3.23433764e-02
 2.88880095e-02 2.40583643e-02 2.14018859e-02 2.44251825e-02
 2.63035558e-02 2.42163874e-02 2.39035599e-02 1.61377136e-02
 1.10558784e-02 8.03585071e-03 8.77329055e-03 8.40036944e-03
 6.48360793e-03 4.75519150e-03 4.03315201e-03 4.17793728e-03
 4.36203787e-03 3.97954183e-03 3.34844342e-03 2.87264143e-03
 3.25895683e-03 3.23738949e-03 2.54057930e-03 2.58882693e-03
 3.04684043e-03 2.75493413e-03 1.67028408e-03 1.97276263e-03
 2.16092751e-03 1.64896715e-03 1.41568296e-03 1.41487760e-03
 1.39551703e-03 1.15130597e-03 1.04529480e-03 1.10003783e-03
 8.94361932e-04 6.16944977e-04 5.15222084e-04 4.35526104e-04
 3.48420726e-04 2.83422967e-04 2.92712444e-04 3.47557303e-04
 3.63475294e-04 3.77497956e-04 3.89481080e-04 3.70676164e-04
 3.82863305e-04 3.63942265e-04 2.64309638e-04 2.09359190e-04
 1.69768857e-04 1.30187284e-04 1.21192919e-04 1.13672533e-04
 1.20780605e-04 1.21875055e-04 1.29869979e-04 1.26265222e-04
 1.30513625e-04 1.15414761e-04 1.12957023e-04 1.12346592e-04
 1.10132154e-04 1.03218015e-04 1.04255167e-04 9.70234832e-05
 1.00650010e-04 1.04528568e-04 1.37203533e-04 1.80021525e-04
 2.07081699e-04 2.04813390e-04 1.89128943e-04 1.51616128e-04
 1.34168266e-04 1.58403316e-04 1.82189571e-04 2.06868586e-04
 1.62143406e-04 1.34649352e-04 1.05396626e-04 9.70063556e-05
 7.72079584e-05 6.67054192e-05 3.39910293e-05 1.34347492e-05
 3.88306762e-06 4.56776093e-07 2.40137421e-08 4.48752896e-10
 2.64866319e-12 1.14611185e-12 1.06346052e-12 9.94655205e-13
 9.44226902e-13 9.07975463e-13 8.70951911e-13 8.47703906e-13
 8.21797437e-13 8.11113709e-13 7.93465933e-13 7.81060275e-13]","[0.6356495  0.6719936  0.6864069  0.69715315 0.7001764  0.6935275
 0.6837555  0.6616031  0.64270985 0.62829494 0.62934786 0.6285868 ]",0
76,430,"[-5.4001135e+02  1.1240359e+02  1.1970214e+01  1.9056454e+01
  6.7523289e+00  9.6457872e+00 -1.6003653e+00  4.5034719e+00
 -1.0989166e+00 -5.1837611e+00  8.1771202e+00  1.6295201e+00
  4.1535249e+00  5.8358170e-02 -7.4540623e-02  4.8953958e+00
  1.0906657e+00 -1.4066271e+00  7.2109175e-01  3.8761978e+00
 -1.5664754e+00  3.6403275e-01  3.2254272e+00  1.3479302e+00
  7.8323685e-02  8.0232018e-01  3.2552633e+00  1.7991611e-01
  8.9458323e-01  1.8570250e+00  1.2903602e+00  1.3300153e+00
  1.4910801e-01  1.8234577e+00  1.3657228e+00  1.7554559e-01
  4.6872562e-01  8.1100690e-01  7.6052821e-01  1.1159766e-01]","[4.3010924e-02 8.8411402e-03 2.6825277e-02 4.7142096e-02 2.1625608e-02
 1.3183948e-02 2.3841413e-02 3.6012683e-02 2.9728645e-02 2.5104502e-02
 2.2501841e-02 2.0141952e-02 1.4370608e-02 1.3210206e-02 2.2231476e-02
 2.9196214e-02 3.2924648e-02 2.7797043e-02 2.2571217e-02 3.1070633e-02
 3.5243355e-02 2.5636377e-02 2.5157819e-02 2.2171766e-02 1.8067285e-02
 1.4033974e-02 9.4267502e-03 6.4771622e-03 5.1866663e-03 4.5068180e-03
 3.2974235e-03 3.6322470e-03 3.4939279e-03 2.5592253e-03 2.2363204e-03
 2.0191669e-03 1.9556226e-03 2.1029166e-03 2.2426993e-03 2.3150789e-03
 2.4731383e-03 2.6766080e-03 2.5400065e-03 2.7939212e-03 2.8268003e-03
 2.7805888e-03 1.9910072e-03 1.8431906e-03 1.8588527e-03 1.7990380e-03
 1.6725434e-03 1.4304944e-03 1.0468098e-03 9.0203626e-04 8.5284206e-04
 6.5579067e-04 4.7409639e-04 3.9504594e-04 4.0434030e-04 3.1255811e-04
 2.4058680e-04 2.1655300e-04 1.9040240e-04 1.6739059e-04 1.3366518e-04
 1.6519199e-04 2.3992195e-04 3.0002234e-04 3.4905082e-04 3.4947821e-04
 2.1745235e-04 1.2398626e-04 8.9980073e-05 7.6645440e-05 8.1717961e-05
 1.1418299e-04 1.4408698e-04 1.8282366e-04 1.9838258e-04 1.6669800e-04
 1.6895185e-04 1.5160596e-04 1.2203422e-04 9.8968165e-05 8.6828295e-05
 9.3690069e-05 8.5229512e-05 7.0041526e-05 5.9428297e-05 5.6411642e-05
 5.9692571e-05 6.2702944e-05 6.2921950e-05 5.9454440e-05 5.2363917e-05
 5.0271017e-05 5.1334024e-05 5.0474362e-05 4.4933302e-05 4.0827395e-05
 3.8926140e-05 3.8684906e-05 3.7129113e-05 3.5124784e-05 3.4927369e-05
 3.2958513e-05 3.0785461e-05 2.6460959e-05 1.7790491e-05 9.7500206e-06
 4.7915255e-06 2.0255452e-06 6.0503760e-07 1.0017860e-07 6.7951604e-09
 1.4584138e-10 5.4987720e-13 1.0562744e-13 9.7030619e-14 8.9065162e-14
 8.4385637e-14 8.2589046e-14 8.1376536e-14 8.0333750e-14 8.3205720e-14
 7.6947360e-14 7.3377285e-14 6.9257778e-14]","[0.6515128  0.6979957  0.7203849  0.70779717 0.6899048  0.6987436
 0.68780726 0.69256157 0.6651038  0.6405179  0.6116974  0.6103311 ]",0
77,433,"[-5.5240564e+02  1.0175766e+02  1.3502669e+01  2.7021801e+01
  1.0349299e+01  4.9078879e+00  6.0161262e+00 -4.3334756e+00
  2.8824859e+00  3.8096867e+00 -2.7571704e+00  4.5854521e+00
  4.7343411e+00 -3.0592935e+00  3.5433664e+00  3.8616853e+00
 -1.5070941e+00  4.6504185e-01  1.1792595e+00 -1.6658562e-01
 -1.1288781e+00  7.5710851e-01  2.5284681e-01 -3.6731547e-01
  5.4188383e-01 -2.1676460e-01 -1.5724769e-01 -4.9033290e-01
 -3.0982381e-01 -7.0947939e-01 -6.6125774e-01 -7.3654503e-02
 -6.5979737e-01 -2.8493869e-01 -1.0199218e-01 -2.9298308e-01
 -1.1999306e-01  2.3000965e-01 -5.7001587e-02 -1.2238088e-02]","[3.35882939e-02 9.67259798e-03 5.12297414e-02 5.56625873e-02
 6.72644936e-03 1.45712998e-02 5.40924892e-02 1.93942040e-02
 3.63662350e-03 1.49257379e-02 1.63838938e-02 6.54526660e-03
 1.26545327e-02 2.68257018e-02 1.79665498e-02 1.13718472e-02
 2.10730154e-02 2.12748554e-02 1.19417896e-02 1.84085779e-02
 2.45685037e-02 1.62432957e-02 1.70108005e-02 1.92305353e-02
 1.44778127e-02 9.06529091e-03 8.98463558e-03 6.32188609e-03
 3.55027383e-03 2.60256068e-03 2.54456652e-03 2.27788836e-03
 1.80993427e-03 1.85593567e-03 2.19674362e-03 1.81794306e-03
 1.57228182e-03 2.08803988e-03 1.94499153e-03 1.75274909e-03
 1.74299546e-03 1.75121299e-03 1.56952173e-03 1.20788324e-03
 1.22471724e-03 9.88875167e-04 7.63121992e-04 7.35231326e-04
 7.40078918e-04 6.47114706e-04 6.79286080e-04 6.80670375e-04
 7.50372827e-04 7.25347782e-04 6.78050390e-04 7.23433564e-04
 6.53640425e-04 4.96816356e-04 4.52385895e-04 3.54052550e-04
 3.06748581e-04 2.57597305e-04 2.49225035e-04 1.94726119e-04
 1.92645777e-04 1.71221764e-04 1.60972981e-04 1.62957484e-04
 1.45331156e-04 1.44978068e-04 1.29356908e-04 1.09426524e-04
 9.87464882e-05 7.62726777e-05 5.82938155e-05 4.36518021e-05
 3.36564080e-05 3.10567739e-05 3.45670742e-05 3.95254428e-05
 4.36557457e-05 4.55962327e-05 5.90740310e-05 8.28731354e-05
 1.04154089e-04 1.09969507e-04 1.08699627e-04 9.86018276e-05
 8.98639846e-05 8.00565758e-05 7.13267873e-05 5.00613314e-05
 3.58714133e-05 2.84498419e-05 2.16763583e-05 1.76482299e-05
 1.45790400e-05 1.32986006e-05 1.09204648e-05 9.01916792e-06
 7.73829197e-06 6.63917717e-06 5.43120814e-06 4.60879937e-06
 3.94021117e-06 3.84414989e-06 4.09067388e-06 4.03843114e-06
 2.95737937e-06 1.90082471e-06 9.18622334e-07 3.52370563e-07
 7.98038471e-08 1.03290665e-08 6.67898847e-10 1.60932899e-11
 1.39491757e-13 6.95928910e-14 6.44181770e-14 5.87602476e-14
 5.54376999e-14 5.45109442e-14 5.63162052e-14 5.67309769e-14
 6.11569172e-14 5.28019130e-14 5.01339421e-14 4.68685082e-14]","[0.67753386 0.68987    0.64014965 0.64687747 0.67462015 0.75507915
 0.7556427  0.6915542  0.6610793  0.66138804 0.6393272  0.6309623 ]",1
78,434,"[-4.77058838e+02  1.16781250e+02 -5.71840048e+00  2.45492001e+01
  1.01290817e+01 -2.10890818e+00  7.06408322e-01 -2.15099430e+00
 -4.81947631e-01  1.78215635e+00 -1.21905126e-01  3.43184972e+00
  4.24053335e+00 -5.45190144e+00  3.38784909e+00  2.22593451e+00
 -5.61356163e+00 -7.49944225e-02 -5.85926831e-01 -2.45465708e+00
 -2.49065828e+00  4.24807072e-01  4.33685407e-02 -1.46181440e+00
 -6.75506651e-01  3.03976208e-01  9.09014881e-01 -4.72420782e-01
  1.89237177e+00  1.07156062e+00  5.40954947e-01  2.09275866e+00
  4.78881717e-01  7.18086064e-01  4.08808678e-01 -2.43889317e-01
 -3.62524897e-01 -3.53590816e-01 -2.46044606e-01 -2.44719833e-01]","[8.2454793e-02 1.3984142e-02 2.0045575e-02 7.0204966e-02 8.1709966e-02
 5.0676424e-02 6.3179381e-02 1.3901283e-01 1.8929972e-01 1.3099408e-01
 6.6894971e-02 6.3185468e-02 6.6663891e-02 8.2713164e-02 8.3604954e-02
 8.4439695e-02 1.0327762e-01 1.1617128e-01 1.1463154e-01 1.4029710e-01
 1.5909258e-01 1.7305385e-01 1.9265337e-01 1.4851686e-01 1.5299056e-01
 1.2580180e-01 1.1259853e-01 9.6944325e-02 7.9340912e-02 7.4830070e-02
 6.8820953e-02 5.9199654e-02 6.4212218e-02 5.6206353e-02 3.7188951e-02
 2.5469204e-02 1.9669713e-02 2.0195358e-02 2.2100175e-02 2.2895513e-02
 2.1243695e-02 2.2288220e-02 2.4598200e-02 2.3929244e-02 2.1587528e-02
 2.3851346e-02 2.5762435e-02 2.7985435e-02 2.5076894e-02 2.1936119e-02
 2.1779262e-02 1.7333742e-02 1.4714113e-02 1.0863070e-02 9.6981907e-03
 9.6693058e-03 8.1247659e-03 7.5543327e-03 7.9282215e-03 7.3362850e-03
 6.4432458e-03 5.1763118e-03 4.5088050e-03 3.7661970e-03 3.2069907e-03
 3.0733051e-03 2.9597858e-03 2.9354168e-03 3.2947571e-03 3.5112025e-03
 4.0571140e-03 4.0957076e-03 3.7650215e-03 2.8619824e-03 1.8438972e-03
 1.0657489e-03 6.4227817e-04 4.2063993e-04 3.3604671e-04 3.2467025e-04
 3.7882247e-04 4.7241326e-04 5.5706559e-04 6.2802806e-04 6.6154305e-04
 6.9026428e-04 6.7951047e-04 6.3841662e-04 5.5168074e-04 4.8532590e-04
 3.8316488e-04 2.5216109e-04 1.4751719e-04 8.3747291e-05 4.5457051e-05
 3.2502328e-05 2.8319233e-05 2.7308786e-05 2.6199103e-05 2.5762076e-05
 2.6152195e-05 2.7713797e-05 2.8064336e-05 2.8994313e-05 2.9838811e-05
 3.0101164e-05 2.9419181e-05 2.5810637e-05 2.1214390e-05 1.3854015e-05
 6.5701274e-06 2.1599567e-06 4.6898583e-07 5.9508842e-08 3.8134491e-09
 8.7816976e-11 9.9283244e-13 6.1644884e-13 6.1107684e-13 5.2496955e-13
 4.8487473e-13 4.8663937e-13 4.7676798e-13 4.5439021e-13 4.3712828e-13
 4.2792324e-13 4.2133221e-13 4.1217382e-13]","[0.6170156  0.60577786 0.609718   0.62002724 0.6179598  0.6095167
 0.60165215 0.6245317  0.64865124 0.6605227  0.65151006 0.6397347 ]",0
79,437,"[-5.8602802e+02  1.1583125e+02  2.7079025e+01  1.9967527e+01
  1.1379777e+01  9.1908379e+00 -3.0831130e+00  3.7581532e+00
  2.4262946e+00 -6.8523326e+00  1.3329884e+00  1.8562609e+00
  2.7791395e+00 -1.2862494e+00  1.6395080e+00  5.0008392e+00
 -2.8135755e+00 -2.5387647e+00  1.4640844e+00  8.7781578e-01
 -2.7843840e+00  3.9618510e-01  1.4659241e+00 -3.1199737e+00
 -2.2429328e+00 -1.0264101e+00 -1.4318172e+00 -1.5401080e+00
 -3.1778979e-01  3.8201416e-01 -2.1903540e-01 -4.6108338e-01
  4.3174049e-01  1.2603540e+00 -5.7595529e-02 -3.1415981e-01
  2.1700241e-01  5.3561036e-03  7.4805852e-05  2.8774866e-01]","[3.40451188e-02 4.78451606e-03 9.75581724e-03 4.70304377e-02
 4.82292250e-02 2.31110658e-02 2.75380835e-02 3.82816419e-02
 1.95143335e-02 1.06495339e-02 8.78727995e-03 1.06131108e-02
 1.32706780e-02 1.54948281e-02 1.48968119e-02 1.46110784e-02
 1.31474733e-02 1.11015979e-02 9.03062522e-03 6.86892029e-03
 6.45417860e-03 7.52826687e-03 7.14949891e-03 6.91565359e-03
 6.12597680e-03 3.65913217e-03 2.68937205e-03 1.98773178e-03
 1.44607422e-03 8.98917904e-04 7.91588565e-04 7.58405193e-04
 7.24462327e-04 7.43086799e-04 6.94175949e-04 6.77699980e-04
 6.64770079e-04 6.96207338e-04 6.30956667e-04 5.13592851e-04
 3.75006435e-04 3.39624123e-04 3.53329960e-04 3.86444328e-04
 4.67004225e-04 5.91045246e-04 5.62587345e-04 4.68293525e-04
 3.29934235e-04 2.30458289e-04 2.05811521e-04 1.76657151e-04
 1.34719332e-04 1.18763783e-04 1.28149128e-04 1.10413523e-04
 7.76547458e-05 6.75192132e-05 6.49740905e-05 4.63567012e-05
 4.97784094e-05 5.48340613e-05 4.64508630e-05 4.77869980e-05
 4.68349281e-05 4.24074642e-05 4.90518469e-05 5.39320208e-05
 6.66080814e-05 6.76183699e-05 6.88565342e-05 5.76678976e-05
 4.92230429e-05 4.00085592e-05 2.45722567e-05 1.71408155e-05
 1.16222955e-05 1.29957389e-05 1.61176995e-05 2.15004384e-05
 3.63512518e-05 4.07678053e-05 3.90642854e-05 3.64957377e-05
 3.57913705e-05 3.04092537e-05 2.39844467e-05 1.43479956e-05
 8.20630976e-06 7.29488011e-06 8.04627416e-06 8.56202678e-06
 9.44910425e-06 9.33917363e-06 9.44455860e-06 9.94493166e-06
 9.69057237e-06 8.73035242e-06 8.11140580e-06 8.52675203e-06
 9.17048783e-06 9.92165042e-06 1.05058471e-05 1.09927787e-05
 1.01545611e-05 8.65120637e-06 6.35517790e-06 4.13080534e-06
 3.28473561e-06 2.26796988e-06 1.14981628e-06 3.90619107e-07
 8.11143934e-08 1.06092086e-08 7.33522132e-10 1.58542103e-11
 1.05565133e-12 9.24684374e-13 8.59539653e-13 8.06576377e-13
 7.63184329e-13 7.29682807e-13 7.03056753e-13 6.81856969e-13
 6.68318157e-13 6.48964877e-13 6.35979279e-13 6.27354722e-13]","[0.5399106  0.5563899  0.57475024 0.58909005 0.5851255  0.5903985
 0.61978894 0.64398223 0.65182436 0.6401234  0.60175323 0.5722962 ]",0
80,441,"[-5.3106757e+02  5.8229855e+01  2.3625889e+01  1.7369827e+01
  1.0352499e+01  6.5294423e+00  1.4944263e-01 -5.7304186e-01
  3.1230285e+00 -3.3460337e-01 -1.0870538e+00  1.0277450e+00
  1.1436527e+00  1.9286160e+00  2.6796672e+00  5.3254175e-01
  9.5942348e-01  1.4241686e+00 -2.7864179e-01  1.1417068e+00
  2.2984894e-01 -7.4155933e-01  8.3836895e-01  7.7903098e-01
  8.4230393e-01  1.4678615e+00  1.8261510e+00  1.5301251e+00
  1.7507906e+00  1.7059696e+00  1.2191141e+00  1.4664848e+00
  9.3049514e-01  7.9140258e-01  8.2648492e-01  6.0777074e-01
  7.7779627e-01  4.9142155e-01  4.7214776e-01  3.8632718e-01]","[3.88056904e-01 1.00223117e-01 9.17207822e-02 4.47113961e-02
 2.52630971e-02 1.34058269e-02 5.84653765e-03 7.30594667e-03
 1.45129655e-02 1.78552810e-02 1.05331363e-02 6.54776581e-03
 5.39139751e-03 5.78288129e-03 8.94616079e-03 8.28701723e-03
 7.20253820e-03 6.59820111e-03 6.66375132e-03 7.65213510e-03
 6.22378197e-03 4.93183499e-03 4.27048840e-03 2.27625668e-03
 2.14977935e-03 2.00409256e-03 2.57905619e-03 2.44176155e-03
 1.87310332e-03 1.88233191e-03 1.44887867e-03 1.28676358e-03
 9.01035033e-04 7.00083678e-04 6.58770499e-04 7.13007234e-04
 5.74877718e-04 6.35185454e-04 6.39583857e-04 4.65344201e-04
 4.21936042e-04 4.07936779e-04 3.72227631e-04 2.90717842e-04
 2.42309499e-04 2.49873119e-04 2.35940170e-04 1.76655623e-04
 1.61407384e-04 1.59259318e-04 1.76550675e-04 1.89461396e-04
 1.71083200e-04 1.92897947e-04 1.94028165e-04 1.84227174e-04
 1.92005813e-04 2.02462965e-04 2.15980472e-04 2.06002092e-04
 1.74301123e-04 1.60934345e-04 1.54735404e-04 1.40674703e-04
 1.34669826e-04 1.16250594e-04 1.07329455e-04 9.58750970e-05
 7.56802110e-05 6.37881822e-05 4.84958073e-05 4.19181051e-05
 3.72976610e-05 2.88210904e-05 2.62050544e-05 2.28987392e-05
 2.10856851e-05 1.98266298e-05 1.83022366e-05 1.67046510e-05
 1.48872068e-05 1.15971152e-05 8.91833770e-06 7.82014922e-06
 8.40921257e-06 1.00639463e-05 1.31944471e-05 1.65666024e-05
 1.99161768e-05 2.62299891e-05 3.28954629e-05 3.25461115e-05
 2.90875978e-05 2.40673253e-05 1.99325841e-05 1.62619035e-05
 1.32167543e-05 1.17618629e-05 1.03986267e-05 8.72273995e-06
 7.75925400e-06 6.55010717e-06 6.02918544e-06 5.91008302e-06
 6.95274184e-06 7.81095241e-06 7.11634129e-06 5.62217201e-06
 4.22996800e-06 2.43814225e-06 1.06881828e-06 3.68647562e-07
 8.76405579e-08 1.33894824e-08 9.98884198e-10 2.42590548e-11
 6.35995488e-13 5.04240638e-13 4.65342608e-13 4.36055190e-13
 4.12259175e-13 3.93806000e-13 3.78839158e-13 3.69093997e-13
 4.44160903e-13 3.63487398e-13 3.42908048e-13 3.37981596e-13]","[0.7296238  0.7017285  0.6546371  0.62775344 0.6216221  0.627342
 0.6462833  0.6770893  0.6770306  0.68287116 0.69906324 0.72113097]",1
81,443,"[-5.02489716e+02  9.14660873e+01  2.38065357e+01  1.66997490e+01
  7.55025673e+00  3.83889961e+00 -3.11930561e+00 -3.93179917e+00
 -4.33291769e+00 -3.45266294e+00  1.31154370e+00  4.74374413e-01
  3.29378462e+00 -1.45735845e-01 -3.32038373e-01  2.94856572e+00
  5.74559689e-01  6.51989877e-01 -3.45177919e-01 -1.09317936e-01
 -4.72076327e-01 -1.59730518e+00  5.61538935e-01  2.82940447e-01
 -8.63400221e-01  8.26615274e-01  3.64335120e-01 -5.58285713e-01
  1.07844567e+00  7.22267866e-01  2.67421216e-01  4.99832273e-01
  7.99131513e-01  6.90681219e-01 -3.94162387e-01  2.53691733e-01
 -9.10441428e-02 -2.45322794e-01  1.95135668e-01 -3.71531188e-01]","[1.65341333e-01 8.48285630e-02 8.99517760e-02 8.51183012e-02
 3.83084230e-02 3.71690877e-02 8.97304863e-02 8.91637802e-02
 7.05716163e-02 1.04384370e-01 1.16767824e-01 1.08877346e-01
 1.03152826e-01 1.25304624e-01 1.19796999e-01 1.41808093e-01
 1.71140999e-01 2.00858116e-01 1.97090730e-01 2.11806461e-01
 2.79110610e-01 2.27417171e-01 2.32227951e-01 2.05051050e-01
 6.81109652e-02 3.22514251e-02 2.27465872e-02 1.43997194e-02
 9.85121168e-03 6.51243515e-03 5.65724401e-03 5.81953907e-03
 6.33771345e-03 4.10902314e-03 3.16867442e-03 3.24396067e-03
 3.83073068e-03 4.57359012e-03 4.12754063e-03 4.17730631e-03
 3.56189767e-03 4.60394146e-03 4.68384149e-03 4.73597134e-03
 5.91242407e-03 9.92391072e-03 1.06712067e-02 7.35237682e-03
 7.01274676e-03 5.65113081e-03 4.69028391e-03 5.18372003e-03
 3.90925631e-03 2.45291507e-03 1.96289597e-03 2.33793817e-03
 2.60438141e-03 1.76880299e-03 1.32643024e-03 1.10349420e-03
 9.85567691e-04 1.06256374e-03 1.03942351e-03 1.04664336e-03
 7.22089084e-04 6.91606489e-04 5.90144715e-04 5.19274035e-04
 4.81122668e-04 5.01678849e-04 4.44267323e-04 4.01390513e-04
 3.35912337e-04 3.04648507e-04 3.43916356e-04 3.18874343e-04
 2.50530633e-04 3.38293874e-04 2.63502967e-04 3.14009056e-04
 2.86484050e-04 2.37892818e-04 2.02846131e-04 2.03775839e-04
 2.10176295e-04 2.91402277e-04 3.08513816e-04 1.52761131e-04
 1.09940811e-04 1.23328311e-04 1.50591150e-04 1.68528757e-04
 1.79589697e-04 2.00539871e-04 2.00287439e-04 1.66480633e-04
 1.33676309e-04 9.37420045e-05 5.42916059e-05 5.48823300e-05
 1.31780369e-04 1.14650276e-04 7.12119727e-05 5.49827855e-05
 5.43040987e-05 4.06633517e-05 4.14148271e-05 4.50760890e-05
 3.33964817e-05 1.99645419e-05 1.14057257e-05 5.17145418e-06
 1.12143732e-06 9.13298237e-08 4.15875334e-09 1.00249455e-10
 3.91344639e-12 3.33408366e-12 3.12705460e-12 2.95373990e-12
 2.80458252e-12 2.68918156e-12 2.61485755e-12 2.53630277e-12
 2.46440910e-12 2.40626681e-12 2.37563831e-12 2.32163008e-12]","[0.62252223 0.6408019  0.62192005 0.61925    0.61822903 0.63759434
 0.64458805 0.63994026 0.6348955  0.6294492  0.6197686  0.616979  ]",0
82,444,"[-4.86794220e+02  1.08976105e+02 -6.11437941e+00  1.84798412e+01
  4.33698416e+00  4.37148549e-02 -9.43581486e+00 -4.23663902e+00
  1.70771253e+00 -1.97502279e+00 -6.98727906e-01 -6.72599733e-01
 -1.22461033e+00 -2.29334021e+00  6.38271332e+00 -3.09393883e+00
 -4.07086658e+00  1.89987838e+00 -3.71450710e+00 -1.48319900e+00
 -2.34771657e+00 -1.78965592e+00 -2.11383414e+00 -4.37701315e-01
 -7.02928454e-02 -1.32928622e+00  9.61320281e-01 -2.50132322e-01
 -1.56335667e-01  2.61653900e-01  2.13216352e+00  4.54382420e-01
 -5.34615032e-02  2.23492098e+00  1.31093454e+00  2.25514483e+00
  2.44931626e+00  3.87245655e+00  5.15644312e+00  5.13105345e+00]","[2.83279568e-02 6.28596824e-03 7.39060109e-03 3.54590220e-03
 1.57991257e-02 1.26559436e-01 1.86117902e-01 1.24339923e-01
 7.88040608e-02 5.64715788e-02 3.25609222e-02 5.63995279e-02
 8.30989480e-02 8.77598226e-02 8.07289705e-02 7.42892921e-02
 8.27009156e-02 9.64081511e-02 1.24809600e-01 1.46060631e-01
 1.21619478e-01 1.03769384e-01 1.00209638e-01 7.48518780e-02
 8.31936970e-02 7.37493113e-02 6.94426149e-02 7.07425624e-02
 5.30392006e-02 3.32594067e-02 2.76061110e-02 2.08059382e-02
 2.05819905e-02 1.68310739e-02 1.44895604e-02 1.26599949e-02
 1.02203051e-02 1.16698127e-02 1.14696734e-02 1.24419238e-02
 1.08929574e-02 1.20170740e-02 1.01953279e-02 7.47184502e-03
 6.32556714e-03 7.24002579e-03 7.34305941e-03 5.35482354e-03
 4.46474226e-03 4.14255820e-03 5.69382124e-03 7.98558258e-03
 1.04334652e-02 9.28500760e-03 9.72568896e-03 8.36102199e-03
 6.91760192e-03 6.07058778e-03 6.99978555e-03 6.12437399e-03
 4.83043585e-03 4.26777732e-03 3.70743056e-03 2.48129922e-03
 1.88752729e-03 1.97305647e-03 1.97101058e-03 1.89290545e-03
 1.76769204e-03 1.70981698e-03 1.46139506e-03 1.29283709e-03
 1.29041052e-03 1.15838868e-03 1.07369048e-03 1.06322300e-03
 1.01027323e-03 7.79296330e-04 5.48612850e-04 3.52088653e-04
 1.92516280e-04 1.38971722e-04 1.25930499e-04 1.34751579e-04
 1.57823510e-04 1.86624049e-04 2.19952592e-04 2.69359240e-04
 3.24299122e-04 2.90894735e-04 2.59040738e-04 2.46621610e-04
 2.06835583e-04 1.52468332e-04 1.18974262e-04 8.51583973e-05
 6.63328683e-05 6.08041300e-05 6.62008533e-05 7.82022980e-05
 8.23947630e-05 8.65931434e-05 8.33870508e-05 8.15185558e-05
 8.40918947e-05 8.16207248e-05 6.77437420e-05 5.29283861e-05
 4.31742883e-05 3.18149614e-05 1.94709792e-05 8.17765249e-06
 2.03150557e-06 3.15251782e-07 2.04816839e-08 4.57244020e-10
 1.90970829e-12 3.28155932e-13 3.13008598e-13 2.89506781e-13
 2.75230441e-13 2.71168071e-13 2.68222727e-13 2.61769393e-13
 2.43046956e-13 2.51295919e-13 2.48422810e-13 2.34460265e-13]","[0.5642472  0.55610996 0.55657    0.5942041  0.6270408  0.6327111
 0.6169285  0.5863666  0.5720396  0.5868308  0.57460856 0.5700723 ]",0
83,445,"[-5.2008264e+02  1.4244255e+02 -4.0526567e+00  1.4580130e+01
  1.0618256e+01  1.2457018e+01 -1.3408473e+01 -1.5464035e+00
  2.5550318e+00 -6.5860381e+00  5.8293624e+00 -2.1989915e+00
  3.8191705e+00  2.3883367e-01 -1.1740860e+00  2.7297852e+00
 -3.9724255e-01 -2.4431202e+00 -4.6536188e+00  3.6891644e+00
 -2.3231552e+00 -3.0730073e+00  2.4286306e+00 -3.8887972e-01
 -2.9382589e-01 -2.0694957e+00  1.4074748e+00 -2.5388923e-01
 -1.5564053e+00  3.9957109e-01 -1.9156721e+00 -4.0596807e-01
 -3.9626387e-01 -8.2491928e-01 -1.1875398e+00 -1.5276617e+00
 -1.3141764e+00 -7.9105812e-01  2.5551203e-01 -1.7325034e+00]","[1.23302331e-02 1.96543150e-03 2.55233441e-02 2.45502859e-01
 2.33235165e-01 4.39033881e-02 2.16664523e-02 8.38825479e-02
 1.18802652e-01 8.29894096e-02 4.47210521e-02 4.69757989e-02
 6.46096915e-02 7.55604729e-02 7.03006983e-02 5.74008189e-02
 6.32119700e-02 7.18529001e-02 1.07803538e-01 1.31438583e-01
 1.23227537e-01 1.21967204e-01 8.92839357e-02 6.57132417e-02
 8.20872560e-02 6.98942393e-02 4.49962690e-02 2.99911108e-02
 2.06275135e-02 1.81927755e-02 1.52496798e-02 1.20344060e-02
 1.54786659e-02 1.11383451e-02 1.16759567e-02 1.07207699e-02
 9.75385774e-03 1.10285282e-02 1.02917859e-02 1.21415388e-02
 1.16430521e-02 1.10245058e-02 9.39910021e-03 9.87452548e-03
 1.08097363e-02 1.19009027e-02 1.08668413e-02 9.54829250e-03
 1.00882109e-02 8.96217488e-03 6.81572128e-03 7.24888593e-03
 6.30758889e-03 6.30268501e-03 5.08538540e-03 4.50778659e-03
 5.21552050e-03 4.59473813e-03 3.06565501e-03 2.93089426e-03
 2.60042469e-03 1.78120553e-03 2.17738934e-03 2.03107763e-03
 1.55925297e-03 1.77932472e-03 1.69241545e-03 1.47468550e-03
 1.30874908e-03 9.55731084e-04 6.34631608e-04 3.95151903e-04
 2.45172036e-04 1.78596587e-04 1.82522024e-04 1.46706239e-04
 1.56343172e-04 1.47175233e-04 1.87145808e-04 2.06886616e-04
 2.29812300e-04 2.17078719e-04 1.66921556e-04 1.02346952e-04
 9.72416310e-05 9.40843092e-05 8.82356617e-05 8.08780751e-05
 6.62373131e-05 6.03065346e-05 5.61951747e-05 5.72471108e-05
 5.88763687e-05 6.61546874e-05 7.26132712e-05 6.64502586e-05
 5.79307380e-05 5.01466893e-05 4.24974278e-05 3.53343894e-05
 2.72387915e-05 2.01687380e-05 1.74931229e-05 1.70412532e-05
 1.91502895e-05 2.07507728e-05 1.84864657e-05 1.48999261e-05
 9.55874111e-06 5.10757991e-06 2.06322966e-06 6.44896147e-07
 1.71856570e-07 3.61138497e-08 2.74338485e-09 6.24477900e-11
 2.10260802e-12 1.73807366e-12 1.60640598e-12 1.50034499e-12
 1.41870565e-12 1.36193173e-12 1.31428104e-12 1.27466223e-12
 1.23019520e-12 1.20699750e-12 1.18912031e-12 1.16793023e-12]","[0.5995902  0.6022573  0.58257866 0.5528937  0.56762415 0.5679546
 0.57572573 0.6079475  0.62985253 0.64095145 0.61174136 0.5989053 ]",0
84,446,"[-5.7188300e+02  1.2412866e+02 -2.4022579e+00  3.3148277e+01
 -1.2977101e+00  1.0124616e+01 -5.4954000e+00  3.4309549e+00
 -1.3535551e+00 -3.4903212e+00  3.5574436e+00 -9.3654881e+00
  6.8845510e+00 -4.3855265e-01  2.6410379e+00 -2.0752261e+00
 -4.4555411e+00  5.6537027e+00 -4.4131169e+00  1.1202743e-01
  1.9333129e+00  1.2454547e+00  2.6681307e-01  2.2659791e+00
  2.7584155e+00  5.5882341e-01  2.8011918e+00  4.6266365e-01
  2.1582184e+00  3.6606881e-01  2.6058987e-01  8.4335256e-01
 -7.5918585e-02  6.8738294e-01 -5.5982614e-01  2.2569580e-01
  1.0238114e-01  1.3403839e+00  1.4034045e+00  1.6995394e+00]","[2.62292456e-02 1.01898448e-03 4.29812673e-04 1.03018375e-03
 2.81356890e-02 3.84232253e-02 1.78620573e-02 1.18578384e-02
 9.92500875e-03 2.52196565e-02 5.08007258e-02 3.40429284e-02
 1.64582226e-02 9.13480949e-03 9.19327606e-03 1.37317134e-02
 1.73045117e-02 1.28852082e-02 1.11525767e-02 1.15510812e-02
 1.18270181e-02 1.37217967e-02 9.39264894e-03 5.86249912e-03
 5.60362032e-03 4.89212852e-03 5.57883130e-03 6.16917200e-03
 4.92794905e-03 3.67400167e-03 2.78089033e-03 3.33262980e-03
 4.25883615e-03 3.49264522e-03 3.42725613e-03 2.51506967e-03
 2.06785719e-03 2.63552624e-03 2.27521686e-03 1.69808208e-03
 1.66612456e-03 1.18575944e-03 9.56925680e-04 1.06109376e-03
 7.27301289e-04 7.14813999e-04 6.71564019e-04 6.58028584e-04
 6.60470338e-04 5.60111250e-04 4.07330401e-04 4.09007480e-04
 4.73277003e-04 5.06581448e-04 4.18074429e-04 3.67700297e-04
 4.21854464e-04 4.39284806e-04 3.42476182e-04 3.88521468e-04
 4.07704647e-04 3.05243564e-04 3.37562640e-04 2.94983125e-04
 1.97353569e-04 1.83627402e-04 1.56299633e-04 1.06891734e-04
 9.61156184e-05 8.02132781e-05 8.27533004e-05 9.09847731e-05
 9.81071571e-05 1.12995593e-04 1.10093366e-04 1.14869610e-04
 1.11961977e-04 9.34030904e-05 8.91045056e-05 7.28244049e-05
 6.11417490e-05 5.17748449e-05 5.01148315e-05 5.76124439e-05
 6.43941530e-05 6.24704553e-05 6.89606095e-05 6.70822265e-05
 6.25318426e-05 5.71317469e-05 5.24926581e-05 4.22552512e-05
 3.13779201e-05 2.17653724e-05 1.95696048e-05 2.02372648e-05
 2.32427374e-05 2.31675331e-05 3.02488461e-05 2.97391744e-05
 2.95361897e-05 3.13342643e-05 3.54630974e-05 3.72808972e-05
 3.05301728e-05 2.52962000e-05 2.20006659e-05 1.86453744e-05
 1.33194590e-05 8.45006798e-06 4.02589694e-06 1.59813032e-06
 3.87815447e-07 4.84817946e-08 2.68339861e-09 5.14453619e-11
 1.03708459e-12 8.04861874e-13 7.33200989e-13 6.78255846e-13
 6.34156952e-13 5.99854097e-13 5.72640947e-13 5.53900730e-13
 5.36024296e-13 5.23081686e-13 5.08576688e-13 4.99339610e-13]","[0.6474218  0.6667489  0.6088743  0.57672787 0.5689219  0.5547747
 0.5432593  0.55896527 0.56109786 0.5439265  0.5538038  0.60329247]",0
85,447,"[-5.0571301e+02  1.2683095e+02  8.4469402e-01  3.4175175e+01
  2.6648242e+00 -7.7812684e-01 -3.9580808e+00 -9.0122070e+00
 -9.6670065e+00 -5.3097854e+00  4.5549044e-01 -2.4355769e+00
  1.9684814e+00 -2.1645651e+00  5.1276164e+00  5.8303154e-01
 -2.7865207e+00  3.1499052e+00 -3.2825274e+00 -5.4760134e-01
 -2.3779860e+00 -1.5528053e+00  6.1654133e-01 -3.5252590e+00
  3.2855856e-01  1.5078471e+00 -1.5921397e+00 -1.8069333e-01
  1.1422433e+00 -1.2885324e+00 -1.0059497e+00  8.1289846e-01
 -5.3330064e-01 -1.7483829e+00 -4.1601658e-01 -6.4120078e-01
 -1.2130719e+00 -6.0806382e-01 -6.7167318e-01 -3.0745870e-01]","[2.25809980e-02 6.10525068e-03 3.28829559e-03 2.62961183e-02
 1.18254155e-01 7.01224282e-02 2.86577493e-02 2.38136575e-02
 6.44541979e-02 1.42596006e-01 1.23033129e-01 8.59701186e-02
 6.70381561e-02 8.58706683e-02 1.32586420e-01 1.62994385e-01
 1.33192226e-01 1.08835891e-01 1.31647900e-01 1.53804779e-01
 1.18980937e-01 9.49819162e-02 8.50311667e-02 5.50944880e-02
 5.90974689e-02 4.11604792e-02 3.31900157e-02 4.09829021e-02
 3.28328572e-02 2.13193074e-02 1.77655667e-02 1.12976888e-02
 9.03472397e-03 7.89449736e-03 6.78615179e-03 5.32802381e-03
 3.47714615e-03 3.34848999e-03 3.38145276e-03 3.92825762e-03
 3.67996632e-03 4.17137472e-03 3.77879548e-03 3.42422538e-03
 4.47142217e-03 5.24986675e-03 5.67788677e-03 6.96050189e-03
 6.21237839e-03 5.05647436e-03 5.07448055e-03 4.36215568e-03
 3.60448379e-03 2.64177122e-03 2.45924923e-03 1.98038877e-03
 1.53237674e-03 1.43300463e-03 1.26631069e-03 1.14486169e-03
 1.08111417e-03 8.78045219e-04 7.46713195e-04 7.32154294e-04
 4.90464387e-04 4.38955205e-04 4.06952255e-04 3.56137578e-04
 3.07166920e-04 2.83736590e-04 3.40825209e-04 4.53165703e-04
 4.92019230e-04 5.34469145e-04 4.21593082e-04 3.01435997e-04
 2.15241482e-04 1.58377356e-04 1.34755217e-04 1.31631517e-04
 1.49687927e-04 1.78036993e-04 2.16311091e-04 2.33395054e-04
 2.03428572e-04 1.61436285e-04 1.37224764e-04 1.37820185e-04
 1.40006552e-04 1.62145603e-04 1.54818452e-04 1.46644321e-04
 1.58326409e-04 1.44251448e-04 1.31553534e-04 1.30909466e-04
 1.30811299e-04 1.23903825e-04 1.28521453e-04 1.28987274e-04
 1.42847770e-04 1.41456054e-04 1.54921712e-04 1.68110157e-04
 1.53176385e-04 1.49507759e-04 1.31193316e-04 1.25231891e-04
 9.07630965e-05 4.78237016e-05 3.00642205e-05 1.84976034e-05
 5.77913397e-06 6.57325131e-07 3.61077497e-08 6.88157087e-10
 2.16798086e-12 2.64926075e-13 2.51662786e-13 2.38972389e-13
 2.32292348e-13 2.25233772e-13 2.35565528e-13 2.40535944e-13
 2.06607260e-13 2.22964876e-13 2.15337324e-13 1.96112075e-13]","[0.6262085  0.5798996  0.5268636  0.5082823  0.490758   0.48852438
 0.51722795 0.5407781  0.5339516  0.52192336 0.5400058  0.6051707 ]",0
86,448,"[-4.75008759e+02  1.04177605e+02  1.47150564e+01  1.44209747e+01
  7.22504473e+00  4.14402580e+00 -8.85264397e+00 -2.49910903e+00
 -1.24811149e+00 -5.26253033e+00  2.22092509e+00  8.76322091e-02
  1.16779888e+00 -3.00867915e+00  7.53595710e-01  1.57621884e+00
 -4.08194590e+00  8.49181056e-01 -1.84434164e+00 -3.27173758e+00
 -1.13511682e+00 -1.38209200e+00 -1.09195006e+00 -1.44748008e+00
 -2.67439127e-01 -1.68528289e-01  5.11187553e-01  1.83456600e+00
  1.01474655e+00  9.06149864e-01  6.18775189e-01 -8.61791819e-02
  2.28946611e-01 -1.11640429e+00 -9.23756719e-01 -7.60753989e-01
 -1.54742706e+00 -1.88555434e-01 -7.58906841e-01 -8.68678212e-01]","[9.89634991e-02 5.39524704e-02 3.35746780e-02 6.41525537e-02
 1.37537286e-01 9.09999833e-02 4.75584753e-02 6.04788661e-02
 1.23905450e-01 1.86749399e-01 1.59997731e-01 9.73866731e-02
 7.24775046e-02 6.88671246e-02 7.77873397e-02 8.96099657e-02
 1.00696668e-01 9.72492918e-02 9.71743688e-02 1.17837161e-01
 9.47743729e-02 9.11128297e-02 9.29672047e-02 5.85216917e-02
 5.47238998e-02 6.11694045e-02 6.69958219e-02 6.58753738e-02
 5.52570708e-02 4.77067567e-02 3.49836834e-02 2.41402369e-02
 2.72261892e-02 2.58145742e-02 1.55970138e-02 1.04666352e-02
 8.69946275e-03 7.48818088e-03 7.57741695e-03 8.64348654e-03
 6.56073401e-03 6.02798024e-03 5.46956295e-03 5.64884394e-03
 6.30263239e-03 7.02798972e-03 5.89935109e-03 5.07636508e-03
 5.21121547e-03 4.75895219e-03 4.54931147e-03 3.90113099e-03
 3.33194365e-03 2.80400529e-03 2.99946335e-03 2.59376853e-03
 2.02323846e-03 2.03607487e-03 2.27669463e-03 1.94936653e-03
 1.81357481e-03 1.78565341e-03 1.61120296e-03 1.30947120e-03
 1.22982077e-03 1.13511353e-03 1.00235746e-03 1.00006617e-03
 9.59433382e-04 8.74703925e-04 8.50791752e-04 7.28135172e-04
 7.68289145e-04 7.55228277e-04 5.46290656e-04 4.16415918e-04
 3.44030879e-04 2.49664590e-04 1.85654251e-04 1.59962030e-04
 1.67462989e-04 1.72658431e-04 1.62656739e-04 1.42046003e-04
 1.37450901e-04 1.37276467e-04 1.35673603e-04 1.45725280e-04
 1.82504256e-04 1.90471386e-04 1.80624076e-04 1.75005320e-04
 1.83777272e-04 1.90419654e-04 2.13333362e-04 1.91154293e-04
 1.53644098e-04 1.28495813e-04 1.22934143e-04 1.07461085e-04
 1.01974212e-04 1.17175921e-04 1.43369296e-04 1.77695838e-04
 1.69523642e-04 1.41392375e-04 1.23122169e-04 1.17068186e-04
 7.96711902e-05 5.11729013e-05 3.11845106e-05 1.10398078e-05
 2.30558749e-06 3.17733281e-07 1.91066434e-08 4.64933897e-10
 3.48155081e-11 3.07723812e-11 2.86120034e-11 2.68939801e-11
 2.54700133e-11 2.43506517e-11 2.34067557e-11 2.26371821e-11
 2.20268057e-11 2.15572803e-11 2.12121848e-11 2.09861191e-11]","[0.6053643  0.5805689  0.5400246  0.51721483 0.5131122  0.5213965
 0.52511674 0.5293892  0.55290043 0.5904613  0.6037256  0.6108784 ]",1
87,449,"[-4.7769504e+02  1.2271798e+02  6.0033636e+00  1.7344912e+01
  8.1107149e+00 -2.8558370e-01 -7.5697269e+00 -5.2202158e+00
 -7.2473631e+00 -5.7153640e+00  1.5296071e+00 -6.6526003e+00
  9.2886859e-01  3.9530873e+00 -5.6243980e-01  5.8104759e-01
 -1.6232805e+00 -1.2460226e+00 -2.1578274e+00 -5.6123776e+00
 -3.2474544e+00  1.7925240e-01 -3.4297581e+00 -4.6075726e-01
  1.9113914e+00 -1.5297029e+00  1.0865153e+00  1.2449727e+00
 -1.3935314e+00 -1.6044530e+00 -9.2949472e-02 -1.1673416e+00
 -2.3025112e+00 -1.0481766e+00 -1.8535706e+00 -2.0275495e+00
 -1.4650956e+00 -6.7702115e-01 -7.0252752e-01 -3.0264226e-01]","[2.79837083e-02 3.77387670e-03 1.76475884e-03 8.93471483e-03
 1.31520227e-01 1.78876400e-01 8.78538042e-02 5.64737432e-02
 5.67948222e-02 1.21468581e-01 1.90604746e-01 1.45517558e-01
 8.03235620e-02 5.06908000e-02 6.71512783e-02 9.31947902e-02
 1.19364850e-01 1.21465124e-01 1.13533013e-01 1.20671332e-01
 1.20281041e-01 1.10425904e-01 7.91605264e-02 4.95382547e-02
 4.54977043e-02 4.15358394e-02 4.41212207e-02 3.99639830e-02
 2.94303671e-02 3.45999077e-02 3.14372107e-02 2.72386670e-02
 2.39366442e-02 1.65815968e-02 1.20698912e-02 1.04852645e-02
 8.45855102e-03 7.48531194e-03 7.04231951e-03 7.05612032e-03
 7.62644690e-03 8.05144012e-03 7.81228906e-03 7.21067702e-03
 7.91188236e-03 8.74145143e-03 7.45485118e-03 7.02849217e-03
 7.83818029e-03 8.46357271e-03 8.37476458e-03 6.90268911e-03
 5.45905251e-03 5.21355448e-03 5.31101087e-03 3.79439932e-03
 3.58407921e-03 3.66746983e-03 3.29241157e-03 2.78144283e-03
 2.80204322e-03 2.11041584e-03 1.69971073e-03 1.40751526e-03
 1.20238517e-03 9.23291023e-04 7.87347613e-04 6.47156616e-04
 4.57938615e-04 4.69725725e-04 3.75361793e-04 3.48673057e-04
 3.80416197e-04 4.07775602e-04 5.07811143e-04 5.86372858e-04
 5.54552826e-04 4.08723718e-04 2.47299817e-04 1.39250114e-04
 1.09678971e-04 1.14999704e-04 1.12641661e-04 1.31531007e-04
 1.45037440e-04 1.45526807e-04 1.48348860e-04 1.40560107e-04
 1.24969592e-04 8.53559468e-05 5.69480544e-05 4.85647615e-05
 3.98586853e-05 3.35076547e-05 3.95968091e-05 5.57248713e-05
 6.34372263e-05 5.94671292e-05 5.38590284e-05 4.78346374e-05
 4.57652677e-05 4.60390547e-05 4.31919798e-05 3.80433776e-05
 3.32097989e-05 3.19694773e-05 2.49848999e-05 1.92035350e-05
 1.32312271e-05 9.28105510e-06 5.47451691e-06 2.08133542e-06
 4.43827133e-07 4.89853029e-08 2.89664270e-09 5.51329607e-11
 4.50024740e-12 4.02153311e-12 3.76285635e-12 3.55917813e-12
 3.38451793e-12 3.25168191e-12 3.14597285e-12 3.06390373e-12
 2.96254579e-12 2.92472318e-12 2.87497435e-12 2.83678268e-12]","[0.6123323  0.6492454  0.6074171  0.5461763  0.508351   0.48889738
 0.46488643 0.48175532 0.526998   0.54632324 0.5409533  0.55788964]",0
88,454,"[-5.3301013e+02  1.0702505e+02  1.7685997e+01  1.9941860e+01
  1.3170195e+00  3.3507435e+00 -2.9634283e+00  1.4320464e-01
  1.2294300e+00 -1.6184822e+00 -7.3776923e-02 -3.8199213e+00
  1.1635640e+00  1.1414155e+00  1.5082470e+00 -3.4402361e+00
 -2.0006526e+00  3.7765119e+00  1.3737093e+00  2.5960166e+00
  1.6584740e+00  7.4626815e-01  3.4881276e-01  1.1038100e+00
 -7.0750511e-01 -1.9099768e-02  2.3761115e+00  3.7902558e-01
  1.8244750e+00  6.8271351e-01 -2.9321438e-01  2.3704281e-01
  1.0370711e+00  1.2651725e+00 -4.6732089e-01  2.9376841e-01
  5.6006479e-01  8.5564619e-01  4.8502216e-01  3.2184818e-01]","[3.18945982e-02 1.04042543e-02 2.06991881e-02 2.32464131e-02
 2.60869227e-02 3.84396836e-02 3.67045403e-02 3.13011035e-02
 3.47137377e-02 4.94394191e-02 5.91633320e-02 6.64643869e-02
 5.96059412e-02 5.58030829e-02 4.78128642e-02 4.46489975e-02
 5.39076552e-02 4.83433492e-02 3.77779044e-02 4.48273644e-02
 3.51088420e-02 3.82071696e-02 4.31462787e-02 3.21953185e-02
 4.47427295e-02 4.24684696e-02 4.17716280e-02 4.00182344e-02
 3.61277238e-02 4.09736671e-02 3.00064329e-02 1.87154021e-02
 2.27899924e-02 1.97952334e-02 2.39292495e-02 2.61220839e-02
 2.39936188e-02 2.55972277e-02 2.08280087e-02 1.55245448e-02
 9.02338326e-03 8.52042437e-03 9.22535080e-03 1.05738183e-02
 1.05182994e-02 7.63625233e-03 6.52684364e-03 8.57049506e-03
 8.75450391e-03 8.83019064e-03 8.53931997e-03 5.42813819e-03
 5.92618715e-03 1.31502170e-02 1.35920411e-02 7.83494115e-03
 5.59476670e-03 5.22080576e-03 7.57775130e-03 7.16383010e-03
 3.95001052e-03 2.50526587e-03 1.39544532e-03 1.52276258e-03
 1.31488894e-03 1.34017586e-03 9.94921196e-04 8.07279139e-04
 8.05184944e-04 6.44794549e-04 5.40200388e-04 3.96252784e-04
 4.23542166e-04 5.34159131e-04 5.99478954e-04 7.64423516e-04
 9.01167165e-04 9.42081911e-04 9.63558443e-04 9.83864651e-04
 6.61252707e-04 4.21289849e-04 2.52302765e-04 1.81231037e-04
 1.53137560e-04 1.65923964e-04 2.31727608e-04 3.30051960e-04
 4.50778520e-04 3.98991688e-04 3.27697722e-04 2.94076832e-04
 1.96046400e-04 1.43521756e-04 1.32142217e-04 1.07754146e-04
 9.60816105e-05 7.04300110e-05 6.82942627e-05 8.74101679e-05
 1.10353714e-04 1.04919127e-04 7.86499077e-05 6.84157712e-05
 6.20036226e-05 5.73405596e-05 6.02506188e-05 5.42553425e-05
 5.75146005e-05 4.17022457e-05 2.29424622e-05 8.00322778e-06
 1.91931190e-06 2.55213990e-07 1.58630957e-08 3.49273416e-10
 1.70562479e-12 1.58548969e-13 1.45886599e-13 1.41991196e-13
 1.43029997e-13 1.47682674e-13 1.33497163e-13 1.36457252e-13
 1.29217681e-13 1.30898750e-13 1.23567931e-13 1.18024148e-13]","[0.6247948  0.6223059  0.61313    0.63131464 0.65588635 0.6714646
 0.6636829  0.6506713  0.63284695 0.61611694 0.6140953  0.6224032 ]",0
89,455,"[-5.59694946e+02  1.25136536e+02  6.73802435e-01  1.74352894e+01
  7.66023970e+00  3.15637565e+00 -8.94817066e+00 -9.15874243e-02
 -1.63859022e+00 -2.50188804e+00  4.15295392e-01 -3.51197124e+00
  2.62048864e+00 -5.49175310e+00  4.47826672e+00  1.14074683e+00
 -4.79743576e+00  3.71618485e+00 -2.22070885e+00 -3.61683398e-01
  9.10804510e-01  6.39898777e-01 -1.62891591e+00  2.81977504e-02
  7.93047190e-01 -1.37251222e+00  2.68944144e+00  5.58908731e-02
  1.02327967e+00  1.58576632e+00  1.02777088e+00  1.90764105e+00
  5.18247664e-01  1.10713899e+00  8.89853477e-01  1.95066965e+00
  1.43056071e+00  2.16627717e+00  1.94647324e+00  5.25962651e-01]","[1.90363470e-02 1.08585041e-03 5.37167361e-04 1.40318100e-03
 1.77059136e-02 3.70902456e-02 2.74301097e-02 2.23718248e-02
 2.01566741e-02 2.24091616e-02 3.24334055e-02 3.34241688e-02
 3.24903950e-02 3.22481953e-02 3.27465087e-02 3.16385217e-02
 3.92292552e-02 3.23371887e-02 2.32386626e-02 2.26855054e-02
 2.16149613e-02 2.31245402e-02 2.74265297e-02 2.19784714e-02
 2.03920323e-02 2.04160437e-02 2.23377924e-02 2.71721780e-02
 2.36369614e-02 1.73989460e-02 1.17408987e-02 9.19019710e-03
 9.51649621e-03 9.43560526e-03 1.43276015e-02 1.58227906e-02
 1.06237642e-02 1.01955039e-02 8.56945943e-03 7.47625204e-03
 6.82551740e-03 5.85523620e-03 5.39577985e-03 4.65582730e-03
 3.80764646e-03 3.29699623e-03 3.65187484e-03 3.95575818e-03
 4.08880413e-03 3.96181503e-03 4.82228491e-03 4.54715872e-03
 4.98228613e-03 4.53781616e-03 3.60605121e-03 3.57475365e-03
 3.19896685e-03 2.23463355e-03 1.79339561e-03 1.52443501e-03
 1.27396139e-03 1.13064668e-03 9.84769198e-04 8.17038410e-04
 6.53880357e-04 6.35447504e-04 6.31961622e-04 6.07147114e-04
 5.35659783e-04 5.20593370e-04 4.81420400e-04 3.73483723e-04
 3.08108516e-04 2.66725576e-04 2.10624334e-04 2.01620598e-04
 1.55646660e-04 1.09926892e-04 7.30990068e-05 3.92664915e-05
 2.46206746e-05 2.04364660e-05 1.99838014e-05 2.17303259e-05
 2.74497816e-05 3.39577673e-05 3.59431033e-05 3.87652326e-05
 4.33709101e-05 3.78922450e-05 2.64053906e-05 1.64550129e-05
 1.23892860e-05 1.34719839e-05 1.34373349e-05 1.28047377e-05
 1.18613498e-05 1.12038560e-05 1.17258278e-05 1.10261417e-05
 9.39046549e-06 1.05804011e-05 1.23922891e-05 1.31235720e-05
 1.27737621e-05 1.28218235e-05 1.22657129e-05 1.02951371e-05
 8.49383741e-06 5.34324226e-06 2.30266096e-06 7.26482483e-07
 1.68750830e-07 2.21549197e-08 1.40934953e-09 2.92286438e-11
 1.09912208e-13 3.31823090e-14 3.29449264e-14 2.69670760e-14
 2.59527202e-14 2.81591326e-14 2.92572668e-14 3.12391274e-14
 2.51614339e-14 2.78955055e-14 2.71534606e-14 2.47838977e-14]","[0.58213866 0.6255568  0.62415725 0.6058093  0.592605   0.5935439
 0.59686387 0.58853424 0.5878538  0.5973674  0.58409935 0.56878173]",0
90,456,"[-4.9920010e+02  1.1690077e+02  1.2558712e+01  2.0778965e+01
  5.0697427e+00  3.6942894e+00 -4.3470383e+00 -5.3444924e+00
  3.0455127e+00 -2.8488739e+00 -5.5265456e-01 -1.1102690e+00
 -1.8525448e+00  1.3958405e+00 -5.1477486e-01 -5.0765338e+00
 -3.2250626e+00 -2.8686185e+00 -5.8368969e+00 -2.8223903e+00
 -1.7796988e+00 -2.0737815e+00  1.9260003e-01  7.1035159e-01
 -7.1572125e-01  8.4831077e-01  1.4648113e+00  7.7556801e-01
  1.7537894e+00  4.0496211e-02  1.3390699e-01  4.7854263e-01
 -1.5926480e-02  6.0742652e-01 -3.0825904e-01  1.7639302e-02
  1.0797973e+00  1.5918497e+00  1.8984717e+00  1.9135027e+00]","[4.70086746e-02 1.38907060e-02 9.34146065e-03 1.08405882e-02
 9.34065804e-02 3.09260190e-01 2.87498742e-01 2.20248267e-01
 1.76641747e-01 2.08955333e-01 2.19689265e-01 1.31575793e-01
 6.81681409e-02 4.10761088e-02 3.43581140e-02 4.36557755e-02
 6.41972795e-02 8.11455399e-02 9.10074562e-02 8.62528384e-02
 8.19846615e-02 8.45345557e-02 7.52963126e-02 5.61594293e-02
 4.82655503e-02 3.78070585e-02 3.49567905e-02 3.59592102e-02
 3.15240882e-02 2.45799068e-02 2.14018207e-02 1.96357202e-02
 1.94106381e-02 1.80658065e-02 1.95911136e-02 1.55444304e-02
 1.20241633e-02 1.09651210e-02 8.68893042e-03 7.44140055e-03
 6.43309765e-03 5.20975143e-03 4.24389914e-03 3.97955161e-03
 4.91966214e-03 5.73507976e-03 5.07001020e-03 4.24227491e-03
 4.13441425e-03 4.04549902e-03 4.89552459e-03 4.21597995e-03
 3.33784823e-03 3.33207683e-03 3.92810255e-03 4.04521963e-03
 3.55437724e-03 3.23018641e-03 2.94895540e-03 2.42088432e-03
 2.09323340e-03 1.76965725e-03 1.40569045e-03 1.33678643e-03
 1.06862257e-03 8.68427800e-04 7.09185435e-04 5.36816136e-04
 4.29209555e-04 3.36653873e-04 2.93674413e-04 2.76833482e-04
 2.72679696e-04 2.72453181e-04 2.69098091e-04 2.54836923e-04
 2.43160190e-04 2.16165980e-04 1.84957215e-04 1.51246175e-04
 1.20573764e-04 9.15259443e-05 6.50208603e-05 4.79600021e-05
 4.21256227e-05 4.60727460e-05 5.36600310e-05 6.64922118e-05
 9.98380856e-05 1.08794920e-04 1.72043408e-04 2.89736956e-04
 1.27702981e-04 1.15236668e-04 8.43492307e-05 6.65834741e-05
 5.93751683e-05 5.56590931e-05 4.98452573e-05 4.50784828e-05
 3.32476993e-05 3.23520908e-05 2.92842433e-05 2.59212193e-05
 2.43673621e-05 2.74432241e-05 2.92271015e-05 2.50857847e-05
 1.47461251e-05 9.37255027e-06 5.66533117e-06 2.69185693e-06
 7.69653184e-07 1.33257799e-07 1.15892798e-08 3.11939558e-10
 1.47574563e-12 7.13910200e-14 6.43985462e-14 5.90100817e-14
 5.67711331e-14 6.18285872e-14 6.34228184e-14 7.87684533e-14
 6.52862028e-14 9.59751958e-14 6.64662146e-14 5.47049487e-14]","[0.61414117 0.6397197  0.6371382  0.6165587  0.582779   0.56010324
 0.5369948  0.5300522  0.5362207  0.5472875  0.57150805 0.59453005]",0
91,457,"[-5.3675006e+02  1.0152546e+02  2.4060781e+01  2.3393995e+01
  1.2932728e+01  9.2951498e+00  1.1474434e+00  1.2154529e-01
  2.2688751e+00  1.5788440e+00  3.3210707e+00  1.8198434e+00
  2.1952460e+00 -1.3880849e+00  1.4753559e+00  3.1523287e+00
  4.5875251e-01  8.1953835e-01  4.4178295e-01  1.1594043e+00
 -1.1847481e+00 -6.5623768e-02  1.7015910e+00 -8.0603379e-01
 -2.0652328e-01  3.9959416e-01 -8.9991319e-01 -1.5815379e-01
  7.7419263e-01 -1.8690087e-01  2.3391214e-01  3.9213023e-01
  4.7111803e-01  1.0582327e+00  4.1408071e-01  2.9290351e-01
  4.6496999e-01  3.7469035e-01 -4.5201663e-02  1.8802714e-01]","[3.2116953e-02 6.1410735e-03 3.8470209e-02 9.8761737e-02 4.3484256e-02
 3.2286007e-02 9.9680834e-02 1.2707743e-01 4.3145414e-02 2.8536255e-02
 3.9674077e-02 3.5292119e-02 2.7495421e-02 3.5415031e-02 5.8082011e-02
 5.7316963e-02 4.9805459e-02 5.2609608e-02 4.6559211e-02 4.5651194e-02
 4.9676906e-02 7.2290078e-02 6.5716535e-02 3.7869424e-02 3.3543367e-02
 2.6364047e-02 1.8834066e-02 1.0711464e-02 6.2791947e-03 5.3005395e-03
 5.1509026e-03 3.2561787e-03 2.9953714e-03 2.3998739e-03 2.4075536e-03
 2.2503305e-03 1.8775827e-03 1.9841033e-03 2.1120824e-03 2.0457255e-03
 1.8840524e-03 1.9612750e-03 2.2559848e-03 3.7503513e-03 3.3059330e-03
 2.7276552e-03 2.8622034e-03 3.0265176e-03 2.3046278e-03 1.7201138e-03
 1.7760744e-03 1.5324176e-03 1.5264277e-03 1.1668300e-03 1.0497719e-03
 9.9194399e-04 7.1524369e-04 7.0483569e-04 7.3033379e-04 6.7945087e-04
 7.2910439e-04 8.6048932e-04 3.5547221e-04 3.1002483e-04 2.7781969e-04
 2.0244998e-04 1.8431230e-04 1.9097346e-04 1.8413871e-04 1.8797055e-04
 1.8432882e-04 1.6761108e-04 1.2631509e-04 8.3153987e-05 5.7483219e-05
 4.3945882e-05 4.0698749e-05 4.2578187e-05 3.5279209e-05 4.2014239e-05
 5.1084080e-05 5.6948473e-05 5.5163895e-05 5.6665012e-05 5.0212675e-05
 4.2937361e-05 3.5847017e-05 3.4751803e-05 3.4356064e-05 3.8072707e-05
 4.3777742e-05 5.2264397e-05 6.4582608e-05 7.9152975e-05 9.1904476e-05
 9.3265808e-05 1.1024551e-04 9.5695636e-05 1.0229386e-04 1.5814386e-04
 2.3164734e-04 2.5726279e-04 1.9125262e-04 1.9224339e-04 1.7273145e-04
 1.8315473e-04 1.5344715e-04 7.7557655e-05 4.3089869e-05 2.5204681e-05
 1.3228864e-05 5.4915436e-06 1.2636634e-06 1.1790400e-07 5.7895155e-09
 1.0154020e-10 6.3020449e-13 2.9034072e-13 2.6506060e-13 2.4276181e-13
 2.2778256e-13 2.1911169e-13 2.1738442e-13 2.1502742e-13 2.1475279e-13
 2.0920539e-13 2.0487185e-13 1.9439097e-13]","[0.58655596 0.616172   0.6302871  0.6270945  0.6330807  0.6656542
 0.6989299  0.717313   0.693415   0.6505745  0.6148214  0.5935865 ]",0
92,459,"[-5.6912939e+02  1.4181349e+02 -2.1692760e+01  3.7781086e+01
  4.4597993e+00  1.1240742e+01 -7.8975362e-01 -3.4994354e+00
  2.1227183e+00  3.1387240e-02  5.6082010e+00 -5.0698709e-01
  5.1146698e+00 -4.2408013e+00  3.3631842e+00  2.7209847e+00
 -3.2983286e+00  1.8292388e+00 -2.2570691e+00  2.8123643e+00
 -7.8009033e-01  1.9723331e+00  2.2932127e+00 -1.4249926e+00
  1.9313186e+00 -5.6533748e-01  2.1541516e-01 -1.8103850e+00
 -2.0979147e-02  8.1582665e-01 -1.6195600e+00  4.6576592e-01
 -7.7013761e-01 -3.5995185e-01  1.3210307e-01 -3.5552835e-01
  6.7170221e-01  8.8303912e-01  2.5346071e-01 -2.9675754e-02]","[9.61912703e-03 8.16481246e-04 1.27335908e-02 2.53692605e-02
 4.47714468e-03 4.30486398e-03 2.48361602e-02 2.17638109e-02
 5.32679353e-03 5.18988306e-03 9.93414689e-03 6.92043360e-03
 4.23223851e-03 7.35827582e-03 8.96585919e-03 5.72550017e-03
 6.13640342e-03 9.71022714e-03 7.84347672e-03 7.25541636e-03
 8.99669994e-03 1.05206585e-02 1.04802912e-02 1.07438872e-02
 1.03421118e-02 1.02256062e-02 8.54651816e-03 6.61413046e-03
 4.09940677e-03 2.56906799e-03 1.68554799e-03 1.16012897e-03
 1.05843286e-03 1.11590617e-03 1.14203221e-03 1.03633315e-03
 1.06205838e-03 1.13337720e-03 1.02081767e-03 9.07603884e-04
 9.19699494e-04 8.66692630e-04 9.46128799e-04 1.04671088e-03
 1.18551974e-03 9.74779716e-04 9.99767915e-04 1.27599004e-03
 1.27174251e-03 1.12678518e-03 1.16357859e-03 1.31874287e-03
 1.08416704e-03 9.29558359e-04 8.51811841e-04 7.20178010e-04
 5.67736803e-04 4.61863528e-04 4.42763965e-04 3.12070537e-04
 3.47488676e-04 2.89105199e-04 2.72791891e-04 2.51359801e-04
 1.93197309e-04 1.55362373e-04 1.38076299e-04 1.46271253e-04
 1.60539304e-04 1.70099447e-04 1.74554443e-04 1.65441481e-04
 1.64891448e-04 1.40501841e-04 1.12343027e-04 8.52419325e-05
 6.40582512e-05 5.30487814e-05 5.09320162e-05 4.79860246e-05
 6.09226081e-05 7.15243004e-05 7.34274581e-05 8.06525131e-05
 8.23390146e-05 8.32346705e-05 7.58638271e-05 6.50867369e-05
 6.21762301e-05 7.62892960e-05 9.36893266e-05 1.12529386e-04
 1.43743411e-04 1.52445180e-04 1.47605795e-04 1.35578419e-04
 1.14578186e-04 9.67315063e-05 8.21492140e-05 6.60450678e-05
 5.81393033e-05 4.96023713e-05 3.97592557e-05 3.15115394e-05
 2.38655284e-05 1.72238761e-05 1.21814592e-05 8.24152630e-06
 5.55882707e-06 3.36478092e-06 2.03219611e-06 8.62975298e-07
 2.30777161e-07 2.90107511e-08 1.84710047e-09 3.98252889e-11
 1.88688624e-13 5.59420335e-14 5.43041462e-14 5.01444250e-14
 4.77578589e-14 4.80716913e-14 4.78752238e-14 4.68005626e-14
 4.82150635e-14 4.87331631e-14 5.05375093e-14 4.90907669e-14]","[0.59137076 0.66339046 0.6781506  0.6616623  0.66333914 0.70554495
 0.75087696 0.7259074  0.6444106  0.5996762  0.5956543  0.5787098 ]",1
93,463,"[-5.0862595e+02  1.3273355e+02 -5.3278031e+00  2.7097950e+01
  5.6506085e+00  6.6941768e-01 -3.0803006e+00 -1.8189818e+00
 -1.0103812e+00  1.0708835e+00  3.0438330e+00 -2.7850966e+00
  3.6386666e+00 -3.2772949e+00  2.8395817e+00  1.4259094e+00
 -6.0625668e+00  2.8625262e+00 -1.1341220e+00 -2.7799482e+00
 -1.4071840e+00 -1.8261268e+00 -1.6394593e+00 -1.6403780e+00
 -9.4346464e-01 -1.7337229e+00 -1.3524492e+00 -1.2857162e+00
 -8.0204797e-01 -1.2252450e+00 -9.5067525e-01 -1.0866616e+00
 -1.3959790e+00 -1.6935508e-01 -8.3723396e-01 -1.4945598e+00
 -8.3677936e-01 -2.9445341e-01 -1.1965151e+00 -1.5618649e+00]","[3.10273264e-02 9.08477139e-03 7.21103977e-03 1.11136548e-01
 2.72354901e-01 8.91672075e-02 3.35218310e-02 4.42786813e-02
 1.00542754e-01 1.04116090e-01 4.73005250e-02 2.86434032e-02
 3.85872051e-02 6.17337227e-02 7.05340654e-02 5.17736636e-02
 5.68108447e-02 7.94962719e-02 8.26232061e-02 7.85364956e-02
 6.03540838e-02 6.57942519e-02 6.82404786e-02 4.58935983e-02
 4.29220684e-02 4.18118052e-02 5.07496260e-02 4.99866717e-02
 3.46807316e-02 3.03740874e-02 2.67333649e-02 2.25849207e-02
 2.25541461e-02 1.51602104e-02 1.16246818e-02 9.03217029e-03
 6.09530928e-03 4.86939168e-03 4.04797634e-03 4.81614238e-03
 4.92016692e-03 4.87745134e-03 4.23622830e-03 4.26980853e-03
 4.82410705e-03 4.99272672e-03 4.29837639e-03 4.41874145e-03
 4.61320346e-03 4.14574891e-03 4.01177304e-03 3.59152327e-03
 3.17257526e-03 3.58851999e-03 3.68837803e-03 3.05253873e-03
 2.62388401e-03 2.73075514e-03 2.27636145e-03 1.74621202e-03
 1.66131207e-03 1.58958999e-03 1.23044860e-03 9.81282210e-04
 1.01165147e-03 6.87341322e-04 5.99065039e-04 5.62877394e-04
 5.01932867e-04 4.99317597e-04 4.81293595e-04 4.44491772e-04
 4.67915146e-04 4.78156202e-04 4.81358642e-04 4.42892895e-04
 2.96602666e-04 1.93884407e-04 1.39502619e-04 1.17868709e-04
 1.17714553e-04 1.07868233e-04 1.16621479e-04 1.26460232e-04
 1.36603048e-04 1.40114396e-04 1.34903035e-04 1.20647550e-04
 9.96682502e-05 7.33962734e-05 5.67129500e-05 4.77750982e-05
 4.16555231e-05 3.11593722e-05 2.49124987e-05 2.51468446e-05
 2.93451012e-05 3.36704907e-05 3.78524564e-05 4.01519756e-05
 4.43282079e-05 4.39867435e-05 4.44530633e-05 4.36208757e-05
 3.88783883e-05 2.79618307e-05 2.34800809e-05 2.84405833e-05
 2.74575705e-05 1.84168493e-05 8.27023359e-06 3.15179409e-06
 8.80094149e-07 1.28141210e-07 8.40498782e-09 1.70496339e-10
 6.00767830e-12 5.05756765e-12 4.70900706e-12 4.42471060e-12
 4.18595844e-12 4.00513303e-12 3.85103971e-12 3.72374050e-12
 3.61318007e-12 3.53470660e-12 3.47513359e-12 3.43367175e-12]","[0.6109819  0.5661143  0.55755794 0.5495498  0.5451891  0.5804942
 0.59611696 0.60055476 0.60115266 0.6204364  0.6569151  0.6504905 ]",0
94,464,"[-4.8577969e+02  1.0237708e+02  9.7605495e+00  2.7730425e+01
  1.5793803e+01  4.0154295e+00  2.2742853e+00  1.6281624e+00
 -3.4778469e+00  2.0893538e+00  1.6244856e+00 -3.2472348e+00
  5.8743172e+00 -2.3923011e+00 -6.7972280e-02  3.9090128e+00
 -4.4832120e+00 -1.2657650e+00  1.5345194e+00 -1.2390136e+00
 -2.8797114e+00  2.1180208e+00 -2.3519300e-01 -2.6466830e+00
  2.4283640e+00 -2.6571524e-01 -1.0431879e+00  1.3817329e+00
  7.7775007e-01  7.9670563e-02  1.1171800e+00  1.6231900e+00
  5.3115195e-01  7.9644340e-01  3.8155738e-01 -1.3906641e-02
  2.3491902e-02 -1.1428237e+00 -1.1556931e+00 -6.0400617e-01]","[7.32284337e-02 2.27260161e-02 6.85603693e-02 1.84696838e-01
 6.03704564e-02 2.29278766e-02 1.66092917e-01 2.72173196e-01
 1.39984518e-01 8.21220726e-02 8.15493986e-02 6.55562952e-02
 5.09635732e-02 6.40061125e-02 1.07393771e-01 1.16373092e-01
 1.18136667e-01 1.11523196e-01 9.84296501e-02 7.92319626e-02
 5.63936606e-02 6.72257170e-02 7.72623941e-02 7.16357157e-02
 4.96547557e-02 3.40593643e-02 2.68819500e-02 1.97130740e-02
 1.22674741e-02 8.65919795e-03 6.53649122e-03 5.75223472e-03
 5.70794474e-03 4.52629151e-03 4.63531632e-03 4.59301798e-03
 4.71845409e-03 5.18286088e-03 4.96419426e-03 5.39439917e-03
 5.50207961e-03 6.01341808e-03 7.18653714e-03 7.08312169e-03
 6.05823565e-03 5.15329745e-03 4.76202602e-03 4.17843135e-03
 3.59150022e-03 3.22484784e-03 3.19020636e-03 3.33435158e-03
 3.47456429e-03 3.81997460e-03 4.28337604e-03 4.42050723e-03
 3.96433845e-03 3.82581679e-03 3.28361848e-03 2.37161759e-03
 2.03942624e-03 1.77563215e-03 1.47369958e-03 1.24061189e-03
 1.09818007e-03 1.03978242e-03 9.26926266e-04 9.04328888e-04
 9.54214949e-04 1.11196307e-03 1.39899878e-03 1.61834620e-03
 1.51579443e-03 1.05813716e-03 6.41720428e-04 3.85813793e-04
 2.57044449e-04 2.04737298e-04 1.98661699e-04 2.29165817e-04
 3.30065493e-04 5.10139798e-04 8.14949977e-04 1.17129867e-03
 1.35984004e-03 1.09874771e-03 6.11244352e-04 2.80820561e-04
 1.29183798e-04 6.97363357e-05 5.44195645e-05 5.64550573e-05
 6.32370284e-05 6.57993369e-05 6.32811643e-05 6.29558126e-05
 5.56602863e-05 4.80229610e-05 3.69331792e-05 3.14090066e-05
 3.48697722e-05 4.03729027e-05 4.82769428e-05 5.74677761e-05
 6.04986817e-05 5.49124270e-05 4.39475989e-05 3.66482818e-05
 2.91408687e-05 1.86284851e-05 1.05710851e-05 4.12664713e-06
 8.97211237e-07 1.15596457e-07 7.43471684e-09 1.60702673e-10
 1.80195399e-12 1.17847539e-12 1.11244943e-12 1.02931997e-12
 9.71695164e-13 9.38412976e-13 9.41106459e-13 9.06904543e-13
 8.69347400e-13 8.53020942e-13 8.29127240e-13 8.06440635e-13]","[0.62759537 0.6482132  0.6401307  0.6359068  0.62649035 0.64238185
 0.6818214  0.7152263  0.72323865 0.7099192  0.6643414  0.6323758 ]",0
95,468,"[-4.7393729e+02  1.0638717e+02  1.4755687e+01  2.3785707e+01
  9.5237923e+00  4.5973363e+00  8.7506041e-02 -4.3661776e+00
 -1.4752390e+00  1.5411278e+00  2.3826697e+00 -1.8708425e-02
  2.1572824e+00  9.0042424e-01  3.2453668e+00  1.9601320e+00
 -1.1149020e+00  1.1430193e+00  2.7147758e-01 -1.4744272e+00
 -1.7748622e+00  2.1823409e-01 -1.0068598e+00 -1.2610993e+00
  5.7692295e-01 -9.4597237e-03 -6.7359589e-02  1.0755417e-01
  5.7777655e-01  5.4756142e-03 -2.0449717e-01  2.9149020e-01
 -9.1597559e-03 -7.4969715e-01 -4.9715924e-01 -8.3982185e-02
 -8.5815358e-01 -4.6301821e-01  1.4995928e-02 -9.7910799e-02]","[1.76242232e-01 5.70936352e-02 3.81284058e-02 2.02395692e-01
 2.16587871e-01 5.79558276e-02 3.10305599e-02 1.08077139e-01
 1.60968006e-01 1.11966595e-01 6.51210696e-02 6.35987222e-02
 9.86878499e-02 1.01948172e-01 1.06181003e-01 1.17050268e-01
 1.34496838e-01 1.49849892e-01 1.37438610e-01 1.15919456e-01
 1.05904296e-01 8.06410462e-02 5.50523922e-02 5.37652373e-02
 5.11164516e-02 5.50250597e-02 3.85331176e-02 3.28976884e-02
 2.88863890e-02 2.51400266e-02 2.16943696e-02 1.58343278e-02
 8.57914053e-03 5.73419407e-03 5.33225853e-03 4.66150837e-03
 3.92865529e-03 3.31823225e-03 3.38880206e-03 3.52630275e-03
 3.52128549e-03 3.39917373e-03 3.36603448e-03 3.32344626e-03
 3.65436473e-03 3.61534627e-03 3.20197316e-03 2.82723550e-03
 2.63978401e-03 2.50373036e-03 2.20483169e-03 2.09786440e-03
 1.77897047e-03 1.87434629e-03 1.84598321e-03 1.51099218e-03
 1.33905234e-03 1.25457509e-03 1.07608212e-03 9.82762314e-04
 8.33420083e-04 6.64029329e-04 6.09492359e-04 4.69183375e-04
 3.83253209e-04 3.27370100e-04 2.85627058e-04 2.64600734e-04
 2.43261529e-04 2.24342148e-04 2.37565284e-04 2.63707945e-04
 3.05657857e-04 2.87083618e-04 2.36139327e-04 1.86047822e-04
 1.40784119e-04 1.36648901e-04 1.46526130e-04 1.69203719e-04
 1.84686622e-04 2.03295160e-04 2.29182391e-04 2.51141988e-04
 2.81029323e-04 3.21236206e-04 3.32731957e-04 3.36166966e-04
 3.00276035e-04 2.07073157e-04 1.79939394e-04 2.05351724e-04
 2.50028679e-04 2.97555904e-04 3.33360163e-04 3.15348880e-04
 2.69414275e-04 2.56445463e-04 2.44902069e-04 2.12560379e-04
 1.85634461e-04 1.57149349e-04 1.49758984e-04 1.50067994e-04
 1.37847775e-04 1.11741872e-04 8.73801109e-05 6.80415687e-05
 4.55123154e-05 3.04154855e-05 1.75855930e-05 6.84011229e-06
 1.62482650e-06 2.22365372e-07 1.56517874e-08 3.73539505e-10
 1.48518350e-12 9.54055154e-14 8.92898223e-14 8.33000119e-14
 7.90407033e-14 8.85982436e-14 1.03662684e-13 1.14775865e-13
 1.31171671e-13 1.13005051e-13 1.03768624e-13 8.84317847e-14]","[0.5929144  0.5781707  0.5493974  0.57132024 0.58510447 0.58440256
 0.5833805  0.6146598  0.66682065 0.6986462  0.6823347  0.6257204 ]",0
96,471,"[-5.2684790e+02  1.4418152e+02 -9.0527573e+00  3.1622648e+01
  7.5343180e+00  1.7999787e+00 -2.9514422e+00  9.8735017e-01
 -4.3632450e+00 -3.1629629e+00  5.9982882e+00 -2.5206807e-01
  4.5097537e+00 -3.6243994e+00  5.8710117e+00  1.2727278e+00
 -5.6202064e+00  1.2814986e+00 -5.3022661e+00  1.6717141e+00
 -3.9947155e+00 -1.7135844e+00  2.5292337e+00 -5.3841486e+00
 -1.8911626e-02 -9.7661924e-01 -1.1267276e+00 -1.2386391e+00
 -7.8792346e-01  1.7159766e+00 -3.7176901e-01  4.6718490e-01
  8.5466139e-02  1.0148802e+00  4.0033564e-01 -3.3520010e-01
  1.4322679e+00 -9.2787373e-01 -8.3150512e-01 -3.2588282e-01]","[1.38942283e-02 2.50412407e-03 3.66165824e-02 1.07299946e-01
 7.31767267e-02 3.08639314e-02 6.71850964e-02 1.12282425e-01
 9.16999131e-02 5.29962592e-02 3.03669814e-02 1.91837121e-02
 2.04388723e-02 2.72907987e-02 3.60743441e-02 4.39943038e-02
 4.85792570e-02 5.20990863e-02 4.16060239e-02 3.99039648e-02
 4.92968448e-02 5.20215668e-02 4.82271314e-02 3.80105749e-02
 2.87001245e-02 2.26530731e-02 1.81767102e-02 1.45027619e-02
 1.05345706e-02 7.17045693e-03 6.33924454e-03 5.19391103e-03
 4.90888162e-03 4.53703478e-03 5.16285421e-03 4.90075490e-03
 4.63385740e-03 4.13772138e-03 4.02402459e-03 4.40415973e-03
 4.98159043e-03 4.40851506e-03 4.31804033e-03 3.71213863e-03
 4.26627137e-03 4.32655122e-03 4.26379777e-03 3.55227012e-03
 3.06183100e-03 3.01423762e-03 3.05940560e-03 2.57019466e-03
 2.36713910e-03 2.45541357e-03 2.00724136e-03 1.56779506e-03
 1.66988373e-03 1.50105509e-03 1.09735783e-03 1.21667970e-03
 1.01905654e-03 7.68765283e-04 8.54125654e-04 6.20345527e-04
 5.34191844e-04 5.21925453e-04 4.15128365e-04 5.37519867e-04
 5.29799669e-04 6.31235307e-04 6.68850262e-04 6.50059432e-04
 5.73336845e-04 4.35184455e-04 3.28540395e-04 2.60719913e-04
 2.19825262e-04 2.01659859e-04 2.06062177e-04 2.20360933e-04
 2.34547028e-04 2.29468787e-04 2.42357084e-04 2.41375266e-04
 2.56114959e-04 2.84314854e-04 3.09566618e-04 3.43190797e-04
 2.80608831e-04 1.92706808e-04 1.57996226e-04 1.30023254e-04
 1.18942480e-04 9.82721031e-05 7.30095926e-05 5.67973802e-05
 5.02457260e-05 4.61698328e-05 4.25596372e-05 3.56257806e-05
 2.78326625e-05 2.43313243e-05 1.77194488e-05 1.38433734e-05
 1.70797739e-05 1.90819101e-05 1.65324327e-05 1.38608521e-05
 1.11930003e-05 7.32228591e-06 3.31474280e-06 9.86053919e-07
 1.78776162e-07 1.86274693e-08 1.33769840e-09 2.82807389e-11
 1.74237971e-13 8.97240046e-14 8.91529282e-14 7.65802217e-14
 7.15515903e-14 7.32022001e-14 7.72903334e-14 7.93272783e-14
 7.53349545e-14 7.38591046e-14 6.80475302e-14 6.19241190e-14]","[0.58268046 0.6167888  0.6231274  0.62238455 0.5932776  0.6075322
 0.6329463  0.6467749  0.64764076 0.6423194  0.6344727  0.59723395]",0
97,473,"[-5.7775616e+02  9.0924149e+01  1.2956663e+01  2.4428038e+01
  4.4124036e+00  3.8907478e+00  2.0080862e+00  1.0646267e+00
  4.1793227e+00  1.1281483e+00  2.3479252e+00 -9.8712671e-01
  1.4458636e+00  1.4410518e+00  1.1939688e+00  1.3444378e+00
  4.2758134e-01  1.6991582e+00 -1.3189175e+00 -2.6711577e-01
  1.0006799e+00 -6.7349657e-02  1.9669125e+00  1.7200664e+00
  8.3226055e-01  3.0026286e+00  2.0087552e+00  7.9982668e-01
  2.0074453e+00  4.2267278e-01  5.6289357e-01  1.0556074e+00
  2.2827899e-01  3.9831144e-01  1.3212606e-01  5.9468395e-01
  1.1192971e+00  1.4567661e+00  1.9586403e+00  2.1566706e+00]","[7.3654614e-02 2.2378793e-02 8.3576320e-03 4.4567250e-03 2.1888455e-02
 7.2644487e-02 4.8882030e-02 1.5717790e-02 9.5065571e-03 1.2825225e-02
 4.6857692e-02 7.9371922e-02 5.8069319e-02 3.0917352e-02 9.6433079e-03
 7.4693360e-03 1.8543392e-02 2.6938103e-02 2.7153026e-02 3.1816509e-02
 2.5292996e-02 2.5330961e-02 2.7364312e-02 2.8376598e-02 2.7078144e-02
 2.3712074e-02 2.5234792e-02 3.1306978e-02 2.4722530e-02 2.5569050e-02
 2.0672416e-02 1.8394237e-02 2.6048688e-02 1.5224733e-02 1.5732016e-02
 1.4779906e-02 1.2597954e-02 8.4913783e-03 7.2809700e-03 5.9765321e-03
 4.2687291e-03 4.3004672e-03 2.8599564e-03 2.4369110e-03 3.7988976e-03
 3.2866183e-03 2.8593808e-03 2.3131589e-03 2.2035337e-03 3.2771206e-03
 2.8721658e-03 2.9734988e-03 2.8439378e-03 2.5546246e-03 2.8053452e-03
 2.4645291e-03 2.5346540e-03 2.0465467e-03 2.1917685e-03 1.9743987e-03
 1.7709160e-03 1.6456424e-03 1.8800916e-03 1.6760079e-03 1.5077814e-03
 1.0875878e-03 1.0353487e-03 8.2167354e-04 6.4618373e-04 5.6902139e-04
 5.1513087e-04 4.4058973e-04 3.8017370e-04 3.6536672e-04 3.5975751e-04
 3.0860235e-04 3.1816636e-04 3.1600354e-04 3.5932532e-04 3.8814225e-04
 4.1138724e-04 3.5146490e-04 2.2423775e-04 1.4713609e-04 9.5036536e-05
 8.8687928e-05 6.8004119e-05 7.0223410e-05 8.1026126e-05 1.0999718e-04
 1.4771192e-04 1.5384161e-04 1.3036089e-04 9.4255498e-05 5.5601045e-05
 3.6486112e-05 2.8487026e-05 2.8128250e-05 2.8273273e-05 2.9742272e-05
 3.1932570e-05 3.1419400e-05 3.0043691e-05 2.6123711e-05 2.1222984e-05
 2.2791506e-05 2.2227277e-05 1.5047534e-05 1.0288839e-05 7.8170669e-06
 3.5526450e-06 1.2479289e-06 2.7416866e-07 3.6188936e-08 2.3963453e-09
 4.6954034e-11 3.7382258e-13 2.0731472e-13 1.8975620e-13 1.7464112e-13
 1.6724748e-13 1.7048906e-13 1.5662417e-13 1.5572938e-13 1.5784960e-13
 1.5240255e-13 1.4417288e-13 1.3899468e-13]","[0.6414635  0.6375565  0.6566919  0.67448884 0.68628335 0.6885096
 0.6839296  0.6835045  0.6792901  0.66613334 0.6508356  0.63681555]",0
98,474,"[-4.6252768e+02  1.2267807e+02 -2.8715448e+00  2.8596872e+01
  2.7924161e+00  8.1905264e-01  2.3087237e+00 -8.0514660e+00
 -6.0285859e+00  1.3471475e-01 -1.5636367e+00 -5.8292967e-01
  2.3261161e+00 -2.8006365e+00  4.5857720e+00 -1.8909389e+00
 -1.5024722e+00  1.8722032e+00 -3.9948285e+00  1.5862439e+00
 -1.9663093e+00 -1.0373167e+00 -4.9650565e-01 -4.5126624e+00
 -4.4377711e-02  8.8703346e-01 -2.5667348e+00 -6.6133195e-01
  2.4969110e+00 -1.3543640e+00  3.0176339e-01  1.3641924e+00
 -8.4127331e-01  4.7828031e-01 -9.8449641e-01 -1.8918142e-01
 -3.4213948e-01 -1.6520050e+00 -2.9291075e-01 -4.8609924e-01]","[4.6246644e-02 1.6989473e-02 2.6739622e-02 1.9120884e-01 1.7196044e-01
 6.3580073e-02 7.2615892e-02 2.5270548e-01 2.4483529e-01 1.4790840e-01
 9.8492607e-02 1.3099937e-01 1.5624395e-01 1.6025318e-01 1.9141568e-01
 2.5171262e-01 3.0722520e-01 2.8195047e-01 2.9339120e-01 3.3282524e-01
 2.8060612e-01 2.8675234e-01 3.1164402e-01 2.6335928e-01 2.1793821e-01
 2.0106795e-01 1.6839418e-01 1.4281297e-01 8.9990869e-02 5.7117756e-02
 3.3697590e-02 2.4804510e-02 2.1436453e-02 1.9281335e-02 2.3235558e-02
 1.9278349e-02 1.5407456e-02 1.7078772e-02 1.9936534e-02 2.2916507e-02
 2.1457776e-02 2.1221697e-02 2.1653291e-02 2.3401478e-02 2.4599653e-02
 2.6486618e-02 2.3694094e-02 1.7804023e-02 1.5228080e-02 1.6087160e-02
 1.1964898e-02 1.2977465e-02 1.2307364e-02 9.8602567e-03 8.0947950e-03
 7.8722090e-03 6.7257471e-03 5.1584234e-03 4.7110128e-03 5.0313184e-03
 4.3937848e-03 3.6692340e-03 3.4400071e-03 2.5183787e-03 1.9505213e-03
 1.7289695e-03 1.2264648e-03 1.1649048e-03 1.1984695e-03 1.4590906e-03
 1.6945237e-03 2.0454479e-03 2.3319065e-03 2.1632626e-03 1.8522532e-03
 1.4044838e-03 9.3932677e-04 6.6705438e-04 6.1532640e-04 6.8012864e-04
 8.6872198e-04 1.0620089e-03 1.1066591e-03 1.1424078e-03 1.1020704e-03
 9.4537192e-04 7.5919327e-04 6.3014973e-04 5.1687437e-04 4.8476495e-04
 5.3299614e-04 6.1865081e-04 6.7600503e-04 6.4237590e-04 4.7746350e-04
 3.2717912e-04 2.7926621e-04 2.7565751e-04 2.7926586e-04 2.7871609e-04
 2.7326331e-04 2.7901854e-04 2.7230740e-04 3.0651968e-04 3.4020757e-04
 3.5254037e-04 3.3644805e-04 2.7198487e-04 1.7925938e-04 9.1841182e-05
 5.0388822e-05 1.9507374e-05 4.5010293e-06 5.5569882e-07 2.8926854e-08
 1.2961359e-09 6.8034894e-10 5.9552624e-10 5.3540039e-10 4.8998428e-10
 4.5406429e-10 4.2617856e-10 4.0374867e-10 3.8583461e-10 3.7202430e-10
 3.6134287e-10 3.5407879e-10 3.4950565e-10]","[0.6005653  0.5638071  0.5582245  0.59564483 0.60073924 0.5885164
 0.59502566 0.6283165  0.676516   0.67543125 0.63200265 0.61290944]",0
99,475,"[-5.55268921e+02  1.16093315e+02  4.29385281e+00  1.99354858e+01
  5.22247744e+00  4.91222715e+00  1.83016080e-02 -5.95526791e+00
  6.80681765e-01  9.93982673e-01 -1.92002749e+00  8.94959271e-01
  3.96500921e+00 -2.28196001e+00  2.58844447e+00  2.15685630e+00
 -2.26257229e+00  5.25180757e-01 -2.37994432e-01 -1.48938811e+00
 -1.54888105e+00  7.91169524e-01  5.60657918e-01  1.24170887e+00
  1.26108992e+00  6.86441720e-01  1.67327952e+00  4.81520653e-01
  9.16407406e-01  1.55181944e-01  5.19617319e-01  1.50307918e+00
  4.41039890e-01  6.65045798e-01  5.18773019e-01 -2.06763856e-02
  4.35562670e-01  1.11345804e+00  1.25958574e+00  1.10478508e+00]","[2.46629883e-02 4.09355713e-03 7.08911102e-03 4.46427576e-02
 4.09110300e-02 1.13533586e-02 1.44757712e-02 5.02966829e-02
 5.89608550e-02 3.29689980e-02 1.57897957e-02 2.03890521e-02
 2.94555593e-02 2.68396847e-02 2.01667417e-02 2.34338585e-02
 3.61133367e-02 3.81455496e-02 3.19573767e-02 3.17541510e-02
 3.39686014e-02 3.29021960e-02 2.73976754e-02 1.94843523e-02
 1.41237015e-02 1.31092481e-02 1.04630645e-02 1.16479388e-02
 9.49501060e-03 8.27387813e-03 6.58240961e-03 6.13398477e-03
 5.95329329e-03 4.96795867e-03 4.14495170e-03 3.96895688e-03
 3.78778367e-03 3.75660742e-03 3.91838793e-03 3.82408127e-03
 4.06685844e-03 3.59285553e-03 3.71228415e-03 3.45199392e-03
 3.48218856e-03 3.08404770e-03 3.17708589e-03 3.01913917e-03
 2.30563688e-03 1.96302030e-03 1.86898804e-03 1.73509843e-03
 1.60934345e-03 1.62747991e-03 1.75557612e-03 1.66665507e-03
 1.61620369e-03 1.48723484e-03 1.28355843e-03 9.80115612e-04
 1.02195854e-03 7.95876957e-04 6.81928243e-04 6.62758772e-04
 4.96985798e-04 5.14598098e-04 4.29422042e-04 3.97816417e-04
 3.37011472e-04 2.77849496e-04 2.32435370e-04 1.87049489e-04
 1.66116835e-04 1.46962469e-04 1.25625083e-04 1.06687243e-04
 7.98874462e-05 6.15198514e-05 6.45250839e-05 5.95642232e-05
 6.73796530e-05 8.38935375e-05 9.58875899e-05 1.24859303e-04
 1.45626342e-04 1.71758002e-04 1.62207623e-04 1.51591361e-04
 1.40440345e-04 1.22190046e-04 8.73215249e-05 8.65196998e-05
 1.07923617e-04 1.19227698e-04 1.29049673e-04 1.49991116e-04
 1.50772306e-04 1.34726622e-04 1.06905158e-04 7.96152672e-05
 5.54387734e-05 5.35523213e-05 5.95559395e-05 5.00346723e-05
 4.14606766e-05 4.05227474e-05 3.98553675e-05 3.62791288e-05
 2.86089107e-05 2.05685446e-05 1.05043619e-05 3.30237481e-06
 6.97591474e-07 1.00903492e-07 6.44461684e-09 1.09894642e-10
 3.17027735e-13 7.15229030e-15 6.45439995e-15 5.10588030e-15
 5.80533216e-15 9.80008734e-15 1.50444791e-14 1.80684037e-14
 1.72791723e-14 1.74420516e-14 1.71593595e-14 1.45800052e-14]","[0.6518567  0.66139275 0.63807875 0.63686335 0.6369448  0.6385733
 0.6371259  0.6477032  0.67731404 0.70552903 0.697006   0.67634493]",0
100,478,"[-4.9517520e+02  1.0600655e+02 -3.4858631e+01  2.6957388e+01
 -1.0211104e+01 -6.6756082e+00 -3.2507675e+00 -9.0682774e+00
  6.0481977e+00  1.3478320e+00 -4.1222870e-01 -2.6264410e+00
  1.6275252e+00  1.1542437e+00 -3.7326431e+00 -2.9987986e+00
 -3.0804321e-01 -2.9822545e+00 -1.2410048e+00  3.3595533e+00
 -1.3979028e+00  1.0112603e+00  1.1265975e+00 -7.8986597e-01
  1.0722828e+00  1.5589520e+00  2.1868565e+00  1.9540548e+00
  3.4598951e+00  2.1155667e+00  2.7603714e+00  4.2983561e+00
  4.1492310e+00  5.6660953e+00  5.7895551e+00  5.7736902e+00
  5.4467945e+00  5.5215740e+00  4.7015939e+00  3.6311147e+00]","[2.05645952e-02 6.40935963e-03 3.84605257e-03 1.80705392e-03
 1.29060564e-03 3.09282402e-03 2.13211663e-02 4.23513316e-02
 3.57551835e-02 3.54435742e-02 2.83694230e-02 2.02954356e-02
 1.84840057e-02 2.04050224e-02 2.76283063e-02 3.38369682e-02
 3.98950353e-02 3.44934016e-02 2.91897058e-02 3.16518992e-02
 3.55350710e-02 4.38375250e-02 5.71023151e-02 5.42552657e-02
 6.05532899e-02 5.62784038e-02 6.04847670e-02 6.09825961e-02
 5.51964268e-02 5.19570373e-02 4.36831005e-02 4.07851785e-02
 5.22176996e-02 4.93894219e-02 5.37012182e-02 6.52423725e-02
 7.26961270e-02 9.12002921e-02 8.02775919e-02 7.95666575e-02
 5.81659004e-02 3.68016660e-02 2.44782958e-02 1.75520424e-02
 1.43233696e-02 1.32653611e-02 1.18710175e-02 1.10730631e-02
 1.29874609e-02 1.02367932e-02 9.66781005e-03 1.13732461e-02
 1.11799454e-02 1.23765310e-02 1.23973330e-02 1.18112732e-02
 1.33404713e-02 1.54725071e-02 1.59285739e-02 1.84138902e-02
 1.68666020e-02 1.48741724e-02 1.38753988e-02 1.06910244e-02
 7.88216852e-03 7.55448081e-03 7.03295181e-03 5.20861661e-03
 4.54968354e-03 4.04986506e-03 3.27569386e-03 2.52180337e-03
 2.13356945e-03 1.81483314e-03 1.66350440e-03 1.51178008e-03
 1.50916353e-03 1.71210780e-03 1.90450728e-03 2.12451816e-03
 2.37858621e-03 2.63018138e-03 2.71980301e-03 2.76444713e-03
 2.49251421e-03 1.87298981e-03 1.30281749e-03 8.70156044e-04
 6.22594671e-04 5.34875260e-04 4.74490487e-04 5.28576551e-04
 5.53731166e-04 5.94794634e-04 6.02956046e-04 5.55787410e-04
 5.54737111e-04 4.30516433e-04 3.53880052e-04 2.46291369e-04
 1.82713120e-04 1.08458895e-04 7.35269641e-05 5.73744364e-05
 4.21907534e-05 3.63031322e-05 3.07313312e-05 2.88067313e-05
 2.36244068e-05 1.44682481e-05 6.05037076e-06 2.28651834e-06
 6.28086980e-07 9.28787856e-08 6.70518308e-09 1.72885428e-10
 6.93870200e-13 9.98837447e-14 7.26222264e-14 4.69883057e-14
 6.99066524e-14 9.34634179e-14 9.01989597e-14 5.54449980e-14
 3.73599162e-14 4.31517615e-14 5.57386846e-14 6.42233594e-14]","[0.5760822  0.5625696  0.5456997  0.5280613  0.52694273 0.56432843
 0.62415886 0.64825016 0.639364   0.6041976  0.5682699  0.5708396 ]",0
101,479,"[-5.9990033e+02  9.8343399e+01  2.7171398e+01  1.6773802e+01
  9.8784533e+00  6.1874328e+00 -1.9660091e-01 -2.5000089e-01
  2.3155115e+00  3.0702496e-01  2.4445384e+00  4.0030265e+00
  4.4745789e+00  2.7897890e+00  3.4019871e+00  3.4373310e+00
 -1.2187659e-01 -1.2380069e+00  2.2642927e-01  4.8769292e-01
 -1.4760458e+00 -1.4619130e-01  1.3783741e+00  1.8636295e-01
 -4.0404450e-02  5.1867300e-01  6.1940908e-01  9.0168196e-01
  1.5933602e+00  1.1567283e+00  1.0156342e+00  9.4044495e-01
  8.2986629e-01  7.2593701e-01  2.7502846e-02  3.5275996e-01
  5.5661553e-01  3.5191101e-01 -1.2569118e-01 -4.3790236e-01]","[2.6431490e-02 7.6602935e-03 2.0910123e-02 3.8328405e-02 9.2859538e-03
 5.1737451e-03 1.1114638e-02 1.0076458e-02 4.1740909e-03 4.8407810e-03
 5.5454951e-03 3.2223777e-03 2.5926454e-03 4.2319391e-03 6.0497527e-03
 5.2186004e-03 7.0044729e-03 8.9669432e-03 8.9393528e-03 8.8162292e-03
 8.8053811e-03 9.1689322e-03 8.5416539e-03 5.3237816e-03 3.9879074e-03
 3.0644117e-03 2.3729345e-03 1.5674635e-03 9.9272036e-04 8.3883078e-04
 6.2722323e-04 5.5110815e-04 5.7927956e-04 5.7880126e-04 5.5100099e-04
 5.8885873e-04 5.8541034e-04 7.6421461e-04 8.4591703e-04 6.6560437e-04
 6.3825614e-04 6.3693844e-04 5.9096003e-04 4.4179527e-04 3.8357361e-04
 3.2444950e-04 2.5853122e-04 2.2969693e-04 2.0083295e-04 1.7213207e-04
 1.5155836e-04 1.4610688e-04 1.2324798e-04 1.2790687e-04 1.1924161e-04
 1.1080523e-04 9.7821066e-05 8.1073056e-05 7.3717965e-05 6.6503271e-05
 6.9318892e-05 5.5906676e-05 4.6050318e-05 3.7114798e-05 3.5249002e-05
 3.3192806e-05 3.1351228e-05 3.3346467e-05 3.5171677e-05 3.7445188e-05
 3.4771769e-05 2.6527392e-05 1.9918683e-05 1.3220100e-05 8.4173162e-06
 6.3994630e-06 5.3374342e-06 5.1605834e-06 4.4075437e-06 4.5136385e-06
 5.2453784e-06 6.3226680e-06 7.0793985e-06 6.2402296e-06 5.8328087e-06
 5.7866346e-06 4.7547646e-06 3.5999149e-06 2.9181892e-06 2.8960728e-06
 2.8293373e-06 2.9229061e-06 3.1381173e-06 3.6864265e-06 3.7766929e-06
 3.4950276e-06 3.2348223e-06 2.8929430e-06 2.8431782e-06 2.9915652e-06
 2.4276926e-06 2.2604215e-06 2.3159162e-06 2.1464514e-06 2.0097227e-06
 1.6917483e-06 1.4827726e-06 1.4162297e-06 1.0621544e-06 8.7951395e-07
 4.6302617e-07 1.7742585e-07 4.6836885e-08 6.2823156e-09 3.8563069e-10
 9.3512429e-12 4.4159893e-13 3.7760089e-13 3.5125201e-13 3.3004049e-13
 3.1285445e-13 2.9942623e-13 2.8896791e-13 2.8026271e-13 2.7961821e-13
 2.6749173e-13 2.6233803e-13 2.5887446e-13]","[0.6976025  0.71179175 0.6886872  0.6587477  0.6412999  0.6620036
 0.6956978  0.7262417  0.7078852  0.7029827  0.6926013  0.67973566]",0
102,485,"[-5.46736511e+02  1.23809975e+02 -8.75089931e+00  2.42108860e+01
 -6.72257543e-01  1.20944969e-01  3.05667281e+00 -6.02759695e+00
 -6.07890797e+00  4.22173452e+00  6.99453735e+00 -6.67676702e-02
  3.66776514e+00 -1.80463338e+00  2.61238360e+00  1.34567106e+00
 -1.33765805e+00  1.19841027e+00 -1.48428512e+00  1.33748448e+00
 -1.13511837e+00  1.51986063e+00 -2.37339154e-01 -1.07743526e+00
  1.86638784e+00 -2.31966496e+00  6.74328431e-02 -2.36986563e-01
 -4.56570387e-01  1.10503606e-01 -6.20649755e-01  7.89279103e-01
  7.66197741e-02  9.58413422e-01  1.63106754e-01 -4.63603169e-01
 -1.25241280e-01 -6.07957542e-01  1.11522011e-01 -4.32938963e-01]","[3.11167408e-02 4.24889056e-03 1.23044115e-03 1.23487357e-02
 7.23813549e-02 3.17969397e-02 6.98797032e-03 2.98505696e-03
 1.26759009e-02 3.17643955e-02 2.18404271e-02 1.05639622e-02
 6.33334462e-03 1.91044193e-02 3.94152403e-02 3.13383527e-02
 1.77388452e-02 1.40269073e-02 2.55205296e-02 3.76758501e-02
 3.82413566e-02 3.50600369e-02 3.55407596e-02 2.94400845e-02
 2.46072970e-02 1.73353497e-02 1.31859295e-02 9.30883829e-03
 6.79209502e-03 4.55126958e-03 3.82246636e-03 3.24939401e-03
 3.06552928e-03 3.15767666e-03 2.86639575e-03 2.38300860e-03
 1.85070955e-03 2.31679087e-03 2.19598901e-03 2.33907811e-03
 1.96662289e-03 1.89628033e-03 2.09729350e-03 2.17792788e-03
 2.27646879e-03 2.16381252e-03 2.93972832e-03 2.99759954e-03
 2.78030615e-03 2.55259452e-03 2.70734052e-03 2.63278745e-03
 2.02996680e-03 1.57545949e-03 1.51557603e-03 1.36463786e-03
 1.03882875e-03 8.44599097e-04 8.27122771e-04 6.97395531e-04
 4.80989227e-04 4.90568986e-04 4.23971913e-04 3.51316441e-04
 3.32563912e-04 2.79798871e-04 2.58204382e-04 2.46235140e-04
 2.67080410e-04 2.72697158e-04 3.39724764e-04 3.46798013e-04
 4.20444616e-04 4.11236018e-04 3.56360775e-04 2.92303535e-04
 2.33314611e-04 2.00415743e-04 1.57774950e-04 1.37754367e-04
 1.33446665e-04 1.44034173e-04 1.62769342e-04 1.77755661e-04
 1.93283224e-04 1.83703538e-04 1.43512763e-04 1.04531246e-04
 9.23917323e-05 9.33610572e-05 1.00692334e-04 1.59477015e-04
 1.61991542e-04 1.33626454e-04 1.46464721e-04 1.41972429e-04
 1.18494158e-04 1.03023340e-04 9.32950352e-05 6.66601991e-05
 4.11996662e-05 2.65422514e-05 2.03447635e-05 1.42869476e-05
 1.18520302e-05 1.58457733e-05 1.90889132e-05 1.87918595e-05
 1.48174240e-05 8.50278320e-06 3.83504130e-06 1.26232476e-06
 2.55474617e-07 2.97909697e-08 2.16118723e-09 5.09496299e-11
 1.52180796e-12 1.25757868e-12 1.17128540e-12 1.09870641e-12
 1.03851021e-12 9.94107682e-13 9.60342374e-13 9.28251941e-13
 9.03269918e-13 8.82861926e-13 8.71352632e-13 8.60062130e-13]","[0.6593825  0.6269926  0.62907827 0.64649457 0.6342761  0.65431136
 0.68254834 0.6701344  0.6160239  0.5890049  0.6063074  0.66014606]",0
103,486,"[-4.86764771e+02  1.03701035e+02  9.47457314e+00  1.93357620e+01
  1.67309415e+00  1.48914421e+00 -5.48138571e+00 -1.90072298e+00
 -3.15801382e+00 -2.55869007e+00  3.32236648e-01 -4.38103819e+00
 -2.37172365e-01 -2.50268459e+00  3.42463613e+00 -2.10540938e+00
 -2.74640632e+00  3.11737084e+00 -2.50685358e+00 -9.61666942e-01
 -2.33471417e+00 -1.14488661e+00 -1.97754681e+00 -2.09975600e+00
 -6.46191001e-01 -2.10593295e+00 -1.18533075e-02 -8.74746501e-01
  4.91228402e-02  5.85449040e-01 -5.32508269e-02  1.18056953e-01
  7.44685709e-01  8.44213068e-01 -1.97267920e-01  4.58812118e-01
  4.08995718e-01  7.56535947e-01  4.94225174e-01  1.08610833e+00]","[8.9317970e-02 2.4308931e-02 9.2282444e-03 3.3677295e-02 1.0042070e-01
 1.0992942e-01 8.1080146e-02 5.1423043e-02 6.4874358e-02 7.9815559e-02
 6.2053952e-02 6.0162138e-02 6.9306105e-02 7.6054350e-02 7.7517033e-02
 8.4692597e-02 8.8244773e-02 8.7687030e-02 8.0657177e-02 7.0031412e-02
 6.8533599e-02 6.2567681e-02 5.2471627e-02 4.9676042e-02 5.3687524e-02
 5.5056695e-02 5.1444024e-02 5.4812904e-02 5.1619578e-02 3.6330786e-02
 2.9690590e-02 2.4288690e-02 1.8429883e-02 1.5348640e-02 1.1552218e-02
 8.5361581e-03 8.9744823e-03 8.6268615e-03 8.3080241e-03 8.5500935e-03
 7.9536559e-03 6.5520308e-03 6.0495641e-03 6.5844702e-03 6.4768898e-03
 6.3512521e-03 6.3053658e-03 5.3268108e-03 5.3351386e-03 4.9319784e-03
 4.3315291e-03 3.6266015e-03 3.4719794e-03 3.7418730e-03 2.9846595e-03
 2.5223650e-03 2.4259433e-03 1.9339345e-03 1.8407464e-03 1.6012250e-03
 1.3788273e-03 1.2499593e-03 1.1947512e-03 9.6307253e-04 8.2804117e-04
 7.1482582e-04 5.6977937e-04 4.4145793e-04 4.4802745e-04 4.9534533e-04
 5.2377128e-04 5.5566552e-04 5.3184375e-04 5.2380672e-04 4.7275229e-04
 4.1069477e-04 3.4899506e-04 3.2884898e-04 2.8941501e-04 2.3835702e-04
 1.8535016e-04 1.3854096e-04 1.2630709e-04 1.2404537e-04 1.3688579e-04
 1.4534956e-04 1.5407617e-04 1.6741865e-04 1.8135895e-04 2.0755995e-04
 2.1973018e-04 1.8716081e-04 1.9108228e-04 1.7029633e-04 1.5503789e-04
 1.5587424e-04 1.8856557e-04 2.1312013e-04 2.2235574e-04 3.0256002e-04
 2.6739883e-04 2.6267467e-04 2.6394910e-04 2.8004358e-04 3.5927695e-04
 3.4226954e-04 2.9708690e-04 2.2439918e-04 1.5002760e-04 1.0027076e-04
 5.5709745e-05 1.9622126e-05 3.9161328e-06 5.7362507e-07 3.7943149e-08
 7.6893703e-10 3.3810741e-12 8.3542759e-13 7.8616698e-13 7.4263420e-13
 7.1089716e-13 7.0083045e-13 6.8063383e-13 6.6902316e-13 6.6159637e-13
 6.4802834e-13 6.2543064e-13 6.1251405e-13]","[0.59489423 0.5786448  0.57386553 0.5942388  0.6086466  0.6305254
 0.64952254 0.6394347  0.6333603  0.63088757 0.624062   0.6187611 ]",0
104,487,"[-5.6520410e+02  9.0077316e+01  1.5268120e+01  1.5052092e+01
  3.1417367e+00 -3.6472769e+00 -9.9133396e+00 -1.9106936e+00
 -6.6875011e-02 -5.8893025e-01  2.4650645e+00 -5.0315304e+00
 -4.5180219e-01 -4.8276415e-01 -7.7533436e-01 -2.1953952e-01
 -2.3809607e+00  2.8965104e+00  3.6438033e-01 -7.1203333e-01
  2.3049262e+00  8.1217301e-01 -4.3692341e-01  9.5843069e-02
  4.4697231e-01 -6.5037119e-01 -5.1860225e-01 -3.2756370e-01
 -6.4133686e-01 -6.7659426e-01 -4.1778922e-02  8.1068784e-01
  1.6484369e+00  3.2760568e+00  4.5474243e+00  6.3220196e+00
  8.6222801e+00  9.4463120e+00  9.4023733e+00  9.0913448e+00]","[2.35565826e-02 8.07731599e-03 3.23070609e-03 2.44475226e-03
 1.93453964e-03 7.34773651e-03 2.93638520e-02 1.96401216e-02
 7.03172293e-03 3.88940680e-03 2.99797673e-03 5.08128712e-03
 2.77306642e-02 5.29299863e-02 3.32906395e-02 1.46184722e-02
 8.59344192e-03 5.60081704e-03 6.26651291e-03 1.04244528e-02
 1.51573969e-02 1.67647675e-02 1.23446463e-02 8.47626012e-03
 5.96062653e-03 8.50068592e-03 1.22268479e-02 1.47596160e-02
 1.06872106e-02 6.87766215e-03 4.83721634e-03 3.37262312e-03
 3.24902497e-03 2.46681389e-03 2.51339725e-03 1.83505984e-03
 1.43798732e-03 1.20815169e-03 1.09981291e-03 1.07360573e-03
 1.16790517e-03 9.26618755e-04 6.48021407e-04 4.86094854e-04
 6.40918617e-04 6.35503500e-04 5.21001872e-04 5.14585292e-04
 5.17472567e-04 4.69087739e-04 5.35396044e-04 6.63424376e-04
 6.35032484e-04 5.46648400e-04 4.79064794e-04 4.23619407e-04
 5.18876826e-04 5.17964596e-04 3.84397776e-04 4.37140407e-04
 3.97064665e-04 3.00904649e-04 3.03881621e-04 2.73613085e-04
 1.95054483e-04 1.96682842e-04 1.39821612e-04 1.20827841e-04
 1.01961195e-04 9.10723029e-05 1.12476184e-04 7.82865027e-05
 1.02321537e-04 8.30627323e-05 8.05461605e-05 7.23173143e-05
 6.35055985e-05 5.78554209e-05 4.59429612e-05 3.85568565e-05
 3.60713457e-05 2.79269625e-05 2.49662899e-05 2.00097984e-05
 1.79457002e-05 1.67660564e-05 1.70339190e-05 1.82102285e-05
 1.65168622e-05 1.57566337e-05 1.72081964e-05 1.54643076e-05
 1.20167288e-05 8.71566590e-06 7.48773027e-06 7.36046286e-06
 8.60809359e-06 1.02091781e-05 1.24370345e-05 1.45342365e-05
 1.47365790e-05 1.32983760e-05 1.24352546e-05 1.27760777e-05
 1.33792510e-05 1.29224309e-05 1.06424341e-05 7.99589816e-06
 5.29210001e-06 3.20874733e-06 1.51108827e-06 5.68818280e-07
 1.26250569e-07 1.37859271e-08 7.15123405e-10 1.40880198e-11
 4.81037770e-14 3.15967726e-15 3.16166377e-15 2.60281811e-15
 2.67079970e-15 5.50129773e-15 6.88312822e-15 9.74341999e-15
 7.87743267e-15 7.98759015e-15 7.44230591e-15 4.55697839e-15]","[0.46926013 0.46822694 0.458479   0.47626433 0.5499544  0.66979426
 0.70365965 0.6105023  0.52985936 0.48031133 0.45668146 0.46091944]",0
105,488,"[-5.5960101e+02  1.3002808e+02 -1.5143712e+01  3.1094452e+01
 -1.2090332e+01  7.8302064e+00 -4.2575669e+00 -6.7868686e-01
  7.2218814e+00 -2.8424721e+00  6.0815783e+00 -5.4600153e+00
  9.5594603e-01  2.7319593e-02 -1.9428582e+00 -1.4282280e+00
 -2.0060403e+00 -1.2533062e+00 -2.5311069e+00  1.5592108e+00
 -2.8798106e+00  3.2652748e-01  2.1393375e+00 -1.1611254e+00
  5.2646673e-01  2.4448802e+00  1.5869027e+00  1.2462937e+00
  2.2856846e+00  5.4305631e-01  2.0161941e+00  9.4808507e-01
  1.2437115e+00  2.0834243e+00  2.7211130e+00  5.6347909e+00
  6.2339282e+00  7.5292335e+00  6.4639235e+00  5.7410240e+00]","[1.67343356e-02 1.98307051e-03 1.76127860e-03 2.32773926e-03
 9.31145274e-04 9.88543220e-03 5.95388524e-02 4.46375236e-02
 2.68625468e-02 2.48905066e-02 1.91152319e-02 1.62686296e-02
 1.40656196e-02 1.56257264e-02 1.02831367e-02 5.99779142e-03
 6.35022530e-03 6.18459191e-03 7.45440461e-03 1.29243294e-02
 1.50475465e-02 1.25576062e-02 1.04099195e-02 8.74517206e-03
 8.33324622e-03 7.55252130e-03 1.03506939e-02 1.39663685e-02
 1.18573457e-02 9.32827219e-03 6.88604452e-03 5.06899878e-03
 5.18789887e-03 4.43267031e-03 4.98852925e-03 4.48336173e-03
 3.00397025e-03 2.06020498e-03 1.98541814e-03 2.41770200e-03
 3.10463947e-03 2.95043667e-03 2.83571379e-03 2.67826696e-03
 1.81919604e-03 1.70905702e-03 1.89712341e-03 1.95475318e-03
 1.32646284e-03 1.08944357e-03 8.85465997e-04 9.44769068e-04
 1.13713101e-03 1.09775166e-03 8.55401391e-04 8.86740920e-04
 1.12977624e-03 9.64927138e-04 8.97042919e-04 9.13695374e-04
 7.18342897e-04 5.12575789e-04 4.77708905e-04 3.75883043e-04
 3.29413189e-04 2.59405060e-04 2.27815719e-04 2.28273944e-04
 1.92655600e-04 1.66958547e-04 1.53546425e-04 1.41179873e-04
 1.24287282e-04 1.01268291e-04 9.72675771e-05 9.48621600e-05
 1.04102750e-04 1.02098500e-04 1.13979375e-04 1.13640643e-04
 1.20376608e-04 1.16649164e-04 9.98787946e-05 7.68668251e-05
 5.54633225e-05 3.82494691e-05 2.61803270e-05 1.99874139e-05
 1.85118824e-05 1.84014880e-05 1.97061490e-05 2.29794532e-05
 2.69451011e-05 2.85733149e-05 2.76259725e-05 2.62368867e-05
 2.28179433e-05 1.91253584e-05 1.67456055e-05 1.61114822e-05
 1.54623740e-05 1.58238472e-05 1.63474015e-05 1.56893748e-05
 1.53836427e-05 1.34019328e-05 1.21912171e-05 1.08573822e-05
 8.45755221e-06 5.81514723e-06 2.78550442e-06 1.00810860e-06
 2.87112300e-07 4.45734436e-08 2.77257417e-09 6.42243897e-11
 2.10900156e-12 1.74113252e-12 1.61894554e-12 1.52249556e-12
 1.44443377e-12 1.38520575e-12 1.33137522e-12 1.28944490e-12
 1.25626452e-12 1.23229107e-12 1.21136911e-12 1.19839696e-12]","[0.5519914  0.58199024 0.54312515 0.5144136  0.5396426  0.62759894
 0.7032678  0.66031677 0.5964899  0.5616204  0.5348932  0.5172226 ]",0
106,491,"[-5.2534766e+02  9.0237450e+01  1.9308977e+01  1.6341856e+01
  4.5087299e+00  3.8175421e+00 -2.7017801e+00 -1.6947551e+00
  1.5821311e+00 -2.4119844e+00 -5.5512220e-01 -5.5777427e-02
 -2.7688375e-01 -1.1926398e+00  2.4770722e+00 -8.2451493e-01
 -2.9269857e+00  1.4474262e+00 -9.9772996e-01 -1.1619642e+00
  4.6519663e-02  6.7047918e-01 -5.9450668e-01 -6.7928201e-01
  8.5435164e-01 -2.2319205e-01  5.6165582e-01  6.4906508e-01
  8.9660114e-01  5.2852380e-01 -2.6345634e-01  3.9363635e-01
  9.1064751e-02  1.8127659e-01  5.1224029e-01  1.1682454e+00
  1.2331736e+00  1.1972743e+00  1.8127328e+00  1.8046689e+00]","[3.2629851e-02 1.1273998e-02 5.3104465e-03 5.4826131e-03 1.8099995e-02
 3.7957877e-02 4.2998906e-02 4.2062245e-02 4.0850218e-02 5.1351782e-02
 4.3742213e-02 4.4656880e-02 5.7252977e-02 5.5061471e-02 5.6453113e-02
 4.4299442e-02 4.9703978e-02 7.7566311e-02 7.9329923e-02 8.5072316e-02
 1.1039134e-01 8.6777821e-02 6.5307319e-02 6.2236309e-02 4.6204809e-02
 3.4496993e-02 4.2871665e-02 6.7377284e-02 5.8777936e-02 7.1366049e-02
 6.8235606e-02 4.3291368e-02 2.5188714e-02 2.9102452e-02 3.9169867e-02
 4.8967823e-02 3.3899151e-02 2.4448013e-02 1.6915994e-02 9.8037757e-03
 8.3804363e-03 8.3683152e-03 8.1657665e-03 9.7697778e-03 1.0413193e-02
 9.2756907e-03 7.0895515e-03 4.6470514e-03 4.6660542e-03 6.4953309e-03
 9.1104470e-03 6.2217461e-03 4.6449276e-03 4.2394660e-03 4.7730822e-03
 3.9362991e-03 3.1783220e-03 1.9699724e-03 1.6838199e-03 1.6418191e-03
 1.6334201e-03 1.3302731e-03 1.3198722e-03 1.5018599e-03 1.5091810e-03
 1.1282151e-03 1.2744253e-03 1.2775988e-03 9.1382826e-04 1.0118277e-03
 8.3819067e-04 8.5813086e-04 8.5314509e-04 8.4020727e-04 6.4072222e-04
 6.1464478e-04 3.6904178e-04 2.7320714e-04 1.7334276e-04 1.3671073e-04
 1.3770397e-04 2.0927622e-04 1.6054265e-04 1.7169396e-04 1.8734376e-04
 1.9957429e-04 2.6045262e-04 2.9434400e-04 2.9765104e-04 2.8365006e-04
 2.2130489e-04 1.5904993e-04 1.0903644e-04 6.7207751e-05 6.1087921e-05
 4.7344784e-05 3.7034340e-05 3.7865590e-05 5.5479290e-05 5.0972554e-05
 7.1252725e-05 9.7711913e-05 8.1591454e-05 5.3023781e-05 3.0091971e-05
 2.2469143e-05 2.2116392e-05 1.8751480e-05 1.3163269e-05 8.8934239e-06
 4.4953063e-06 1.5023578e-06 2.7390010e-07 3.4190254e-08 2.0257205e-09
 4.8313596e-11 5.4592385e-12 4.8946971e-12 4.5580284e-12 4.2820214e-12
 4.0564167e-12 3.8915876e-12 3.7393626e-12 3.6173219e-12 3.5143394e-12
 3.4432828e-12 3.3922047e-12 3.3568489e-12]","[0.6041641  0.6104235  0.6008205  0.59943616 0.5993789  0.6037162
 0.58900845 0.5815254  0.5693081  0.5714973  0.5889563  0.59858567]",0
